,Unnamed: 0,sig_offset,dNu1 (GHz),dNu2 (GHz),B_U (GHz),B_L (GHz),T (eV),b1,b2,b3,b4,b5,b6,b7,b8,b9,b10,b11,b12,b13,b14,b15
15,15,0.0003539660133020675,0.004461661434307952,0.004299476805058088,0.02588801843323214,0.023985533501311437,0.0005991903415333216,0.00817550355652373,0.02308360244930166,0.055992169603937936,0.00930881035577428,0.0074566810650947175,0.010426543029394218,0.004476278998277911,0.005441468173669847,0.008016034208542007,0.0140091326887373,0.009676598050924426,0.010028781923961677,0.05256555732071007,0.006281550138673415,0.005949134765589175
111,111,0.00035396589252647875,0.00446267940113408,0.0042997389131821575,0.025891411133778814,0.023989971401996584,0.0005992661213037772,0.008174794205739624,0.023088565805578592,0.05602502097024892,0.00930942917768405,0.0074571906020351455,0.010427923795704706,0.004476348748942309,0.005442052954623277,0.008016105171324787,0.014012594518623463,0.009677759788606648,0.010031487415462195,0.052595782956131716,0.006281952471063516,0.005949611393136335
169,169,0.000353965810288448,0.0044623718999675715,0.00429966981910962,0.025890167303419663,0.02398841420550411,0.0005992367886755936,0.00817485566000401,0.02308683950958644,0.056021365000046425,0.009309458864650856,0.007457201450084236,0.010427603507400093,0.004476384532064638,0.0054418973605372244,0.008016151003582201,0.014011641394502623,0.009677589722397177,0.010030613083207223,0.05259217233747263,0.006281737402423411,0.005949481098639842
272,272,0.00035396590113622123,0.004462113766798932,0.0042996279477885025,0.025889598767367072,0.02398739739610984,0.0005992269915310684,0.008175249433727563,0.023085251101882576,0.05600068295910378,0.009308711852499598,0.007456634623262176,0.01042706390689273,0.0044762551759425845,0.005441636983257728,0.008016045730637323,0.014010642268910157,0.009676812559582179,0.01002948512800415,0.05257290328712872,0.006281823026923722,0.0059493226511075185
311,311,0.0004153394516982967,0.002218138244083618,0.005850494477810699,0.024277580566086927,0.018387937292140926,0.0006179469475505875,0.003129358003323371,0.007093383247407447,0.04782662698447892,0.04512342732492718,0.03757992110274834,0.02366278183014889,0.016507713503472545,0.008777823149539161,0.035855638628494974,0.0056391375955154276,0.04884627305549093,0.011413063709391495,0.05320510163395655,0.011242637145573879,0.0022494183365197686
360,360,0.00035396623529871025,0.0044611938743682545,0.004299362202028647,0.025886409267651258,0.023983582997554032,0.000599146551362969,0.008175623425662276,0.023081855341682063,0.055996584759800405,0.009309250539660635,0.007456986107835944,0.01042618194536812,0.0044763845177263175,0.005441354128230222,0.00801619923203995,0.014007654503090071,0.009676695723801223,0.010028177371674149,0.05256976870921522,0.006281201514393771,0.005948956748254922
476,476,0.0003539659756321232,0.004460865467139588,0.0042992316546480985,0.02588497240685149,0.02398184100104716,0.0005991215063519582,0.008175861130917195,0.023079789963688757,0.055973736657578654,0.009308704894840135,0.0074565543255162734,0.010425536447224906,0.004476288543402817,0.0054410648697792476,0.008015993896627925,0.014006524553215494,0.009675984680168764,0.010026873264651664,0.05254869698759712,0.00628105128956535,0.005948776915652901
477,477,0.0003539656836413031,0.004462686560336598,0.004299747896602457,0.025891141115934862,0.023989694657545302,0.0005992597953079206,0.008174644520348133,0.023088221750236157,0.05602955914436585,0.009309575456456972,0.007457304301685575,0.010428002101430628,0.004476389986005178,0.005442051406799621,0.008016144054860064,0.01401270387520196,0.009677881351365271,0.010031329290115666,0.05259965624416806,0.006281859202747113,0.005949622298851332
575,575,0.00035396618045515683,0.004459980943862752,0.0042990080823862055,0.025881987889682732,0.023978029367974003,0.0005990512695111575,0.008176339749707301,0.023075768395113043,0.05595470447682087,0.009308567393968882,0.007456408336605042,0.010424485014566307,0.004476313724940447,0.005440648884580692,0.008016033636489204,0.014003604219006337,0.009675315408077258,0.01002485480149552,0.0525312842446154,0.006280616079672595,0.005948391581314634
603,603,0.0003539658416906389,0.004463378821574918,0.00429991960738013,0.02589383021362241,0.023993097484655012,0.0005993204979846707,0.008174366116003877,0.023092053437633618,0.05604612738308377,0.009309791764685174,0.007457496700950566,0.010428856496791409,0.004476379506462031,0.005442448238800304,0.00801614288974635,0.014014938439266544,0.009678511158816322,0.010033370483373045,0.05261528010533336,0.006282265343865071,0.005949935302167744
658,658,0.000353966297511714,0.004460924380059345,0.00429930772299017,0.02588551910050946,0.02398239381161208,0.0005991261349692563,0.008175746917542066,0.02308046135307669,0.05598888316797978,0.009309128762693604,0.0074568841910764095,0.010425846863087646,0.0044763956355140045,0.005441213908343455,0.008016216085708022,0.014006792856513515,0.009676422553773214,0.010027402246407649,0.05256253944816942,0.006281096124176697,0.005948841423399415
664,664,0.00041533795694829925,0.0022181604907367423,0.00585035955258822,0.024277248344588973,0.018387429544544514,0.0006179294718178161,0.003129325134498674,0.007093226625623594,0.04782443112072779,0.04512274301978028,0.03757994543374077,0.0236627885956184,0.016507350147325878,0.008777783808158905,0.03585482192572195,0.005639165285960124,0.048845759622319185,0.011412696474155838,0.053203182906487886,0.011242150996504559,0.0022494279427999427
686,686,0.000353965835810008,0.004462939431854848,0.004299793791952771,0.02589226635213627,0.023991112486464808,0.0005992858116214183,0.008174649847933174,0.0230898800593273,0.05603229978433761,0.009309548375304134,0.007457289940270235,0.01042824971269664,0.004476345057411672,0.0054421896522429455,0.00801609367525528,0.014013446015441095,0.009678023114031185,0.010032206298961873,0.05260257625576294,0.006282055487651337,0.005949724908563979
717,717,0.0003539657428683905,0.004462532113347675,0.004299702157120165,0.025890658651465597,0.023989080036632585,0.0005992487904769852,0.008174762664824186,0.02308759755650697,0.05602482409566245,0.009309508810218506,0.007457244030239069,0.010427792023634369,0.004476379388022875,0.005441974475959301,0.00801612933330731,0.014012170899146524,0.009677726164406179,0.010031012617500756,0.05259540593924505,0.00628179792113687,0.0059495507153643655
733,733,0.00035396594144058286,0.004462436274354024,0.004299659687493576,0.02589053945253358,0.023988941063734164,0.0005992451682643673,0.008174916387976836,0.02308764379484043,0.05602219140782595,0.00930950936640675,0.0074572364818471905,0.010427658323246644,0.00447636265624701,0.0054419597686318965,0.008016113879409745,0.014011784112903576,0.0096776738777812,0.010031110107153364,0.05259338363618946,0.0062817908363353185,0.00594950645273376
737,737,0.00035396577394512113,0.0044623899814085774,0.004299669996414283,0.02589019770315522,0.023988468039567872,0.0005992380156741242,0.008174850099818531,0.02308689917314924,0.05602115057630418,0.009309444349785834,0.007457191604477858,0.010427613648776368,0.004476378586677166,0.0054418990859811615,0.008016136627612492,0.014011697393297686,0.00967758668836099,0.01003063568262632,0.052591980785570085,0.00628174115126641,0.005949487765176364
742,742,0.0003539656942331163,0.004462686108185857,0.004299744359935958,0.02589115143429991,0.02398971593385797,0.0005992600445081566,0.008174653995156541,0.02308827453417533,0.056029399881932736,0.009309581237736436,0.00745730654033099,0.010427998061699648,0.0044763873760171385,0.005442053953328939,0.008016138137287687,0.01401269655862317,0.009677884920343577,0.010031365960546922,0.05259956369074702,0.006281859128354001,0.005949622340112374
765,765,0.0004153394622912386,0.0022181385686660714,0.005850491604515322,0.02427756090148124,0.018387920191291467,0.0006179472417486561,0.0031293592216995853,0.007093386688823841,0.04782672858800395,0.045123349181573374,0.03757981578358777,0.02366272789757113,0.016507663882746354,0.00877780673460674,0.03585552567733185,0.0056391396201196245,0.04884617784127618,0.011413043552916656,0.053205170798431005,0.011242634278984158,0.0022494172847184555
772,772,0.0004153387724348288,0.0022181396181838123,0.005850506611138834,0.02427785362224072,0.018388070226978314,0.0006179366313842875,0.003129326407573242,0.007093266914953069,0.04782408861525777,0.045124472738802136,0.03758175845602516,0.023663734773539728,0.01650843350877574,0.008778086754918727,0.03585722994286356,0.00563911790529769,0.04884767729789357,0.011413270420275795,0.05320317782309635,0.011242512725817078,0.0022494408949509143
804,804,0.0003553135549555762,0.0077331229920795,0.004530049717213375,0.0335791678422948,0.03590182111713566,0.0007904005504196113,0.0071903547624586,0.041607022943086006,1.303642629186166,0.01224691724020639,0.009341583390570916,0.013974298385046106,0.004369380246506608,0.007365448809838405,0.007537203061934438,0.025472502164363017,0.013894282755681704,0.02269743978166518,1.2960023861314962,0.006521408537807425,0.007273836688225501
807,807,0.00035396626316469467,0.004461174750508875,0.004299392274765066,0.025886618214592018,0.02398356433081438,0.0005991558125071994,0.008175814336329443,0.0230813096947306,0.05598031134212821,0.0093086090795666,0.0074565074989663485,0.010425962052782536,0.004476291558748653,0.005441233389175939,0.008016101183912371,0.014007516971412918,0.00967613150832643,0.010027548056489291,0.05255449703425294,0.006281401122057331,0.005948925146278978
990,990,0.0004153393957707658,0.002218134096138002,0.0058505313227677725,0.02427780953981899,0.018388123864374818,0.0006179449727836822,0.003129347425937409,0.007093351649076772,0.04782567160583147,0.04512416699701202,0.03758095756943712,0.02366332134795684,0.01650819986752721,0.008777980647313945,0.035856713700863733,0.00563912057646136,0.048847179225943824,0.011413260530589336,0.05320443081435745,0.01124267296879198,0.00224942903052423
997,997,0.0003539657097962204,0.0044625843923064715,0.004299725457454489,0.025890811300183145,0.02398925544213394,0.0005992519235869477,0.0081747069367544,0.0230877335526172,0.05602707853194504,0.00930953917317614,0.007457271463257207,0.010427876340640829,0.004476389652052535,0.005441999052865224,0.00801614883611846,0.014012363284421313,0.00967778778610143,0.010031073663922249,0.05259735768965236,0.006281815583117462,0.005949576960835326
1016,1016,0.00041533948885027615,0.002218138090843345,0.005850494372210652,0.024277569170145147,0.018387931542322912,0.0006179475708334661,0.0031293599346729466,0.007093389632167403,0.04782676187170649,0.04512337114619476,0.03757982542551119,0.023662732990082782,0.016507674289440357,0.008777808717844506,0.03585555081530106,0.0056391390631553035,0.04884619831776926,0.011413051813110486,0.053205202639183484,0.01124264363762083,0.002249417199100907
1038,1038,0.0003539659425343506,0.00446244979653507,0.00429966357574325,0.025890591333873482,0.02398900725156425,0.0005992462424648116,0.008174907806688584,0.023087717490999398,0.05602268701702014,0.009309520578135264,0.007457245281835475,0.01042767777765604,0.004476364341879367,0.005441969103100863,0.008016117026719984,0.014011830854581657,0.009677692113485122,0.010031150316920194,0.05259384035781014,0.006281797004565393,0.005949513665236664
1077,1077,0.00035396649510493306,0.004460644379618677,0.004299265404605353,0.0258846733004213,0.023981263962535204,0.0005991022618185699,0.008175826123444562,0.02307929514787723,0.05599029281640377,0.009309306043147496,0.007457005350760971,0.010425630505460071,0.004476462366200928,0.005441138173793325,0.008016341859458247,0.014005919299767692,0.009676415031434354,0.010026910447057648,0.0525637483035597,0.006280943039414186,0.005948736901802729
1159,1159,0.00035396578130641673,0.004461236674261638,0.0042992889274240725,0.025886054910659283,0.02398335701377896,0.0005991496464489472,0.008175662549439041,0.0230815308483199,0.05597896705718089,0.009308749820980755,0.007456598920430955,0.01042592403210098,0.00447625459373004,0.005441225976419504,0.008015898337123567,0.014007732890071529,0.009676234138043608,0.01002776340018247,0.05255369017512975,0.006281189348183057,0.005948930059356597
1269,1269,0.0003539661196324238,0.0044613146490529425,0.004299380307139054,0.025886760685759947,0.02398403918641177,0.0005991577562450079,0.008175597418251091,0.02308226368610693,0.05599305571711472,0.009309083945743616,0.007456866337394823,0.010426239181149195,0.004476343089283365,0.005441368106676871,0.008016115779559132,0.014008031759784706,0.00967661594631438,0.010028286033642564,0.05256652705954835,0.0062812838170375135,0.005948998747747073
1273,1273,0.00035396593655386216,0.004462647129590882,0.004299709691912043,0.025891261963813483,0.023989902990640653,0.0005992609722032363,0.008174778985666119,0.023088781922362817,0.056029906210647074,0.009309680746292,0.007457374306545459,0.010427956981751762,0.0044763799878957435,0.005442093077291361,0.008016133693551619,0.01401249357620885,0.009677952804488271,0.01003175955867578,0.05260056925631821,0.006281869348809721,0.005949607217509703
1283,1283,0.0003539658787329353,0.00446283532891757,0.00429977976184806,0.02589195625570773,0.02399067157623681,0.0005992783825098993,0.008174700933795518,0.023089336752268024,0.05602953412575048,0.009309500409863622,0.007457253084696031,0.01042813045628047,0.0044763549885155395,0.005442139634500538,0.00801611346226933,0.01401311704490637,0.009677919582759709,0.01003189723117142,0.052599941681720656,0.006282025198593124,0.005949683979803634
1321,1321,0.00035396599919810986,0.004461547052136425,0.004299461841520459,0.025887579725683958,0.023984935889269504,0.0005991796586854487,0.008175519816078683,0.02308283161707557,0.05599015511801192,0.009308757056398956,0.007456636061736486,0.010426407109070756,0.0044762867452957855,0.005441395425947227,0.008016057254616514,0.014008783990649556,0.009676484028074802,0.010028349104849907,0.05256346437929255,0.0062814860660130815,0.005949081479898821
1349,1349,0.00035396594056123684,0.004461904049456141,0.004299540251139095,0.025888680263564237,0.023986486897553127,0.0005992032950949585,0.008175209297304855,0.023084778141952908,0.05600620281803114,0.009309203180454565,0.0074569846223754375,0.010426962615804041,0.004476348829421711,0.0054416463635710175,0.008016107888554424,0.014010032448485508,0.009677080845973391,0.010029520059261604,0.052578401587343684,0.006281560762211865,0.005949263384321612
1401,1401,0.00041533898906435983,0.002218144505572532,0.005850457950167855,0.024277508668966212,0.01838780570731029,0.0006179414103759733,0.0031293468873872013,0.007093331560100461,0.047825842868883216,0.04512330392072249,0.03758005279088331,0.02366284904216728,0.01650766082101368,0.008777830031193843,0.035855513669170294,0.005639144185679378,0.04884622221922156,0.011412975100496516,0.0532044333859346,0.011242492853462295,0.002249422574405953
1425,1425,0.00035396610567944457,0.0044608226758594115,0.004299228969135072,0.025884837097019442,0.023981739960801392,0.0005991152139416449,0.0081757813998293,0.02307990740776216,0.055981593174293284,0.009309085605464904,0.0074568442685288,0.010425641364561969,0.0044763829645985895,0.0054411448202888206,0.00801611049312215,0.014006460510474572,0.009676284409927459,0.010027096873190764,0.05255602233133388,0.006280966971611472,0.0059487954050109655
1426,1426,0.0003539659707462447,0.004460804445902673,0.004299213300103558,0.025884746872254682,0.02398156011857646,0.0005991165817793091,0.008175898422019287,0.02307948595346329,0.05597178253252609,0.009308674824656166,0.007456528763212236,0.010425452703877298,0.004476284984724406,0.005441029920384097,0.00801598635321597,0.014006319395253269,0.009675918859223002,0.010026710252017202,0.052546901916075424,0.006281019773882666,0.005948748602566405
1604,1604,0.00035531354563909267,0.007734422585141476,0.0045303194153303705,0.033582679518469175,0.0359062815997274,0.0007904889819473304,0.0071907882193477735,0.04161246643235776,1.3019927769056236,0.012247535848561869,0.00934192538941137,0.013975659404206751,0.004369374703463898,0.007366114097889733,0.007537223093635774,0.025477537414824187,0.013895513608494952,0.022700752521817327,1.294351976655746,0.0065218151775350095,0.007274426157331325
1630,1630,0.0003539659761269446,0.004462270879063532,0.004299616826260014,0.025889981051772627,0.02398822979579567,0.0005992320860922848,0.008175008420478915,0.023086889389213487,0.05601850489880656,0.00930947775291839,0.007457205033940965,0.010427458635534412,0.004476365729559742,0.005441880438687409,0.008016119678646077,0.014011236292555506,0.009677544529470198,0.01003072874952796,0.05259000904315806,0.006281710338120847,0.005949433990292889
1694,1694,0.0003539659851201669,0.004460908203783143,0.004299245571691891,0.02588513306775936,0.02398203901846863,0.0005991249200252121,0.00817583350856405,0.023080009540858853,0.05597528545331069,0.009308733952620834,0.0074565773640958375,0.010425599101432051,0.004476292423815207,0.005441091809371529,0.008016002347515813,0.014006668796270218,0.0096760371296063,0.010026994958364456,0.05255012182231382,0.006281073389421638,0.005948796810853313
1700,1700,0.00035396566329505086,0.004462738589377461,0.0042997647506525655,0.025891303862519675,0.023989899286181,0.0005992633925848762,0.008174602206754785,0.02308842939916881,0.05603137164083127,0.009309603790152663,0.007457328534142672,0.010428076938318813,0.004476395227962812,0.005442078330584294,0.008016152055778627,0.01401288604579369,0.009677937888407734,0.010031436683914695,0.052601279080533365,0.006281878237489482,0.005949647215443059
1732,1732,0.00035396591223512503,0.0044615112513295176,0.004299397870094272,0.02588721023422316,0.02398471717147201,0.0005991724447822219,0.008175485196262159,0.023082963849220924,0.055991363707926366,0.00930896908849662,0.00745678274967729,0.01042637031243196,0.004476301116902975,0.005441414294169812,0.00801600592547769,0.014008674320886157,0.009676616052911957,0.010028558279724622,0.05256498329424083,0.0062813545492765395,0.0059490698118813395
1820,1820,0.0003539658950498666,0.004462665165199532,0.0042997348488316755,0.02589136590476196,0.02398991404332479,0.0005992650835982048,0.00817480335168537,0.02308850375484601,0.05602468299389683,0.009309424519723296,0.007457187756925949,0.010427906639166384,0.0044763487252065855,0.005442045721776457,0.008016106336487352,0.014012547627183305,0.009677748451462628,0.010031454403179155,0.052595472332946834,0.00628194657140746,0.0059496053089506395
1880,1880,0.0003539659566790977,0.004462169344079259,0.0042996051412439885,0.02588965686807215,0.02398772636143191,0.0005992258878873474,0.008175092866438942,0.02308613748878201,0.056011647369303766,0.009309252189329029,0.007457032691142102,0.010427275290810056,0.004476339905408783,0.0054417850088786,0.00801609571806368,0.014010891468149498,0.009677288783279636,0.010030221939841351,0.05258349608854029,0.0062817094344722905,0.005949379572389885
1929,1929,0.0003539662025425621,0.00446134605169551,0.004299404809891462,0.025886896045446847,0.023984215474341732,0.0005991599391870117,0.008175487421823665,0.023082471522569627,0.055996819069146435,0.009309256811109131,0.007457002387640347,0.01042635652505254,0.00447640781263036,0.005441438137157943,0.008016185230319555,0.0140082208078543,0.009676779282311523,0.010028418492019794,0.05256991591914865,0.0062812910957342795,0.005949040855521703
1940,1940,0.00035396602840847115,0.00446119328542365,0.004299359092288101,0.02588656172858381,0.02398351436128647,0.0005991607405239913,0.0081759808971556,0.023081144466443014,0.05596855313780335,0.009308178146978563,0.007456190429499494,0.010425788238516169,0.004476174627960759,0.005441129596980912,0.008015921942202301,0.014007453431086723,0.009675767527426429,0.010027290766119898,0.05254379157890793,0.006281460343117669,0.0059488964036322105
1973,1973,0.00041533725719471404,0.0022181779984487733,0.0058502375539642715,0.024276753514960257,0.018386901892384868,0.0006179231962327655,0.0031293230146744078,0.007093189543604868,0.047824640926966734,0.04512134070628337,0.037578495335421264,0.02366203180235346,0.0165064707055232,0.008777539818418166,0.03585287004606905,0.0056392042541819854,0.04884421175436179,0.011412225317365856,0.05320313242106033,0.011241846458323969,0.002249417858659544
1980,1980,0.0003539657146637662,0.0044626379921961,0.004299730435265345,0.025891003808557942,0.02398952675825753,0.000599256592496945,0.008174689152564285,0.02308808046675173,0.05602796788014905,0.009309561448884014,0.007457288640152544,0.010427933268614832,0.004476385054713758,0.0054420305584174135,0.008016134411044156,0.014012530811153084,0.009677836546294971,0.010031267387642404,0.05259827821629958,0.006281840122405428,0.005949599929811301
2062,2062,0.0003539657851311047,0.004463208101138036,0.004299862375981637,0.02589317804958681,0.02399227904187757,0.0005993071286263702,0.00817449922971423,0.023091120927289797,0.056038557400963085,0.009309608772429423,0.007457348987713378,0.010428577226241964,0.004476342160857858,0.005442321582562589,0.008016088164937712,0.01401433731983665,0.009678243597072466,0.010032837409458331,0.0526083101613469,0.0062821869832040715,0.005949843489831581
2090,2090,0.0003539659921056496,0.004460885780752139,0.004299240407452201,0.025885064919738836,0.023981949317141482,0.0005991232599783697,0.008175846667777577,0.02307991241034846,0.055974842474685656,0.009308729817086456,0.007456574975015267,0.01042557461592038,0.004476293610160249,0.005441081313672553,0.008016004511394522,0.014006595788221138,0.009676020284057913,0.01002694487250378,0.05254971402781163,0.006281063785689807,0.005948788170028633
2255,2255,0.0003539660178390242,0.0044621249558643794,0.004299577865041901,0.025889488145646424,0.023987615195978737,0.0005992200937148764,0.008175084058546141,0.023086287732279172,0.05601633527493313,0.009309496676427626,0.007457211531506951,0.010427298357811532,0.004476374626772371,0.005441821462907418,0.008016131808079708,0.014010754757823252,0.009677468713915328,0.010030454600297231,0.05258807475732745,0.006281628114164727,0.005949372523749305
2304,2304,0.0003539659548489992,0.004461796150443736,0.004299515487175478,0.02588855757033934,0.02398613008165621,0.0005992050510569412,0.008175539547061189,0.023084077771009404,0.05598858250409231,0.009308568559839627,0.007456509434699167,0.010426615879122204,0.004476221680524636,0.005441479502612289,0.008015968226400641,0.014009514543284632,0.00967647674012163,0.010028899950121007,0.05256221438914605,0.006281691037318018,0.0059491783947280994
2367,2367,0.0003539658815269189,0.004462898765488615,0.00429979552247065,0.025892171964599114,0.023990956682206358,0.0005992832012383862,0.00817465677272193,0.02308966945046492,0.05603185295280905,0.009309551398317358,0.007457293238591447,0.010428220625615004,0.004476360432499224,0.0054421791788813465,0.008016120891969626,0.014013332002399641,0.009678003423199204,0.010032085939072758,0.05260209559436229,0.006282050552087111,0.0059497136569276075
2373,2373,0.00035396581152557686,0.004461112660238965,0.0042992807646896935,0.0258857356549689,0.023982814770137185,0.0005991410659305003,0.008175799120621264,0.02308074233681249,0.05597584167946747,0.00930857155714706,0.007456466054047177,0.010425753523195993,0.004476226475432415,0.005441124556487832,0.008015924339972738,0.014007274092660829,0.009676028758329241,0.010027294851912132,0.0525505677184342,0.00628117880742294,0.005948859740068506
2386,2386,0.0003539662587768204,0.004460901957328439,0.00429928767720974,0.025885390429771674,0.02398227520688316,0.0005991253036640009,0.008175767313809552,0.02308037390745524,0.05598468870397005,0.009309071853830031,0.007456838653422657,0.010425779279433837,0.0044763864984485756,0.005441196180268722,0.008016164485265417,0.014006720729731057,0.00967634410486345,0.010027325727423651,0.05255880474089849,0.006281086990294546,0.005948833473432918
3033,3033,0.00035396595230370625,0.004462266788828462,0.004299629900754198,0.02588999653789911,0.02398816787721442,0.0005992335115566983,0.008175032961989964,0.023086634478178627,0.05601471842818597,0.009309307224738932,0.007457079571250325,0.010427407536876042,0.00447634546199535,0.0054418416126258175,0.008016102772127939,0.014011219108941635,0.009677397390912043,0.010030491645768785,0.05258633522254861,0.006281752858697797,0.0059494256623219026
3062,3062,0.00035531353422697787,0.007727111267519528,0.0045288163121997545,0.03356295215170997,0.03588110008562175,0.0007899889050918008,0.007188370952019327,0.04158147496215967,1.3115867677032005,0.012243956377379723,0.009339933098198631,0.013967992405364123,0.0043693747167379395,0.007362314406365503,0.007537111235157746,0.025449142839212367,0.013888506585332607,0.02268185909663193,1.3039491759828978,0.006519529478216396,0.007271094051265652
3169,3169,0.0003539668311565174,0.004459355165268235,0.004298939448956587,0.025880440416167255,0.02397582288583641,0.0005990049215697855,0.008176574493344742,0.02307353881183976,0.05595626494216164,0.009308974290382677,0.007456698282171683,0.010424052821261943,0.004476486980040122,0.005440529829812961,0.008016346109298016,0.01400166338588738,0.009675314145548246,0.010023942997092656,0.052532759858936434,0.006280376760309947,0.0059481857575551245
3196,3196,0.0003553134747779163,0.007733484408175445,0.004530123183457378,0.033580126719191486,0.035903006148026606,0.0007904253105922367,0.007190463422324628,0.041608297175543235,1.3035151329555146,0.01224695918546397,0.009341592827794842,0.013974637447592595,0.0043693458640422156,0.007365582269037945,0.007537180141508859,0.02547383721789589,0.013894520891991604,0.022698151023438112,1.2958747330092746,0.0065215261629257395,0.007273984391899605
3324,3324,0.0003539661747248286,0.004460030764585135,0.004299019632026493,0.025882159928449004,0.02397825523201722,0.0005990551816251135,0.00817630790978872,0.02307601905395145,0.0559560373353488,0.009308590081175969,0.007456428328126822,0.010424549206908756,0.0044763156240682465,0.005440676602438802,0.008016033887782525,0.014003772214157766,0.009675365567170646,0.010024987717734251,0.052532520868117966,0.0062806386324539935,0.005948414861554051
3351,3351,0.0003553134936536207,0.007733246726025836,0.004530075596506046,0.03357949584872024,0.03590220435424184,0.0007904088794604879,0.007190388819886895,0.04160735108881509,1.3037419717354055,0.012246878436951778,0.00934155126469322,0.013974399743380371,0.004369353898187673,0.007365473783992322,0.00753717982141532,0.025472929417692445,0.013894324053074187,0.022697592614274467,1.2961016824033098,0.006521451142360773,0.007273880839711681
3570,3570,0.0003539659396943179,0.00446127956956005,0.00429935893334539,0.025886492448037157,0.023983680013266256,0.0005991560770778456,0.008175663957822179,0.02308162509026453,0.05598290040013431,0.009308717909691093,0.007456588442869872,0.010426042090347202,0.0044762741485368865,0.005441254832648318,0.008016005928109414,0.014007882138336123,0.00967626783697794,0.010027764969549857,0.052556967502560455,0.0062812982192668575,0.005948956321764725
3828,3828,0.0003553136451765614,0.007727110806181443,0.004528818536695422,0.033563000676096244,0.03588119442785557,0.0007899880613701998,0.0071883917904189435,0.04158180836867832,1.3111031728988234,0.01224414377870564,0.00934005698874647,0.013968051104655687,0.004369419955573693,0.007362396193166152,0.007537169544794294,0.025449225616025282,0.013888657141084426,0.022682161377533348,1.3034655909116462,0.006519524315105474,0.0072711185513593905
3875,3875,0.0003539658420454629,0.0044615015655740655,0.004299376900016776,0.025887099936550192,0.02398462910663014,0.000599171634415803,0.008175512387069149,0.0230829008112914,0.05598854337416968,0.00930890353916668,0.0074567318170242905,0.01042631231561465,0.004476278027434245,0.005441389138583054,0.008015954341913746,0.014008622915369721,0.00967654503606936,0.010028506572762072,0.05256247272581322,0.006281339472675858,0.005949058702077313
3985,3985,0.00035531367256483553,0.007729832651873981,0.004529378214786009,0.033570345075940485,0.0358905849653962,0.0007901737458389322,0.0071892945690378764,0.04159342209394952,1.307398590941074,0.01224552104630872,0.009340828521886876,0.013970916800634522,0.004369431080545393,0.007363828835876575,0.0075372250029728015,0.025459815163183536,0.013891300508709578,0.02268926940706941,1.2997598199506986,0.00652036987415551,0.007272364243280985
4178,4178,0.0003539657032751833,0.004462765650429661,0.004299776394101964,0.02589143434966088,0.0239900542079741,0.0005992657305303847,0.008174576770148836,0.023088601960234045,0.05603307352230293,0.00930964492385637,0.007457360256623819,0.01042812732568212,0.00447640502367992,0.005442104264696338,0.0080161709449586,0.014012983778695202,0.009677992832981435,0.010031540456334991,0.05260284350072633,0.006281895860169735,0.005949662011850942
4251,4251,0.000353965919167614,0.004461513171129868,0.004299399472758799,0.025887228000948725,0.02398473521981025,0.0005991728129895857,0.008175486119712609,0.023082979434037303,0.05599152418884972,0.009308970594033269,0.007456784052215514,0.01042637514616097,0.004476301757355187,0.00544141597111296,0.008016009946698394,0.014008681061951987,0.009676620260103914,0.010028565627922184,0.05256512510708662,0.0062813588205529545,0.005949071268128272
4333,4333,0.00035531349180022127,0.007733665259737011,0.004530161381626946,0.033580612746716774,0.03590363560564872,0.0007904374692766285,0.00719052757033437,0.04160911409090673,1.3032069912974666,0.012247075210964686,0.009341657730485429,0.013974832606535923,0.004369352867258211,0.00736568593853313,0.0075371882281872644,0.025474555446071308,0.013894716313435085,0.02269866676312321,1.29556651502783,0.00652157965386058,0.007274070343145618
4445,4445,0.00035396613941531034,0.004460463914518627,0.004299140701950773,0.02588369210024681,0.023980181882084325,0.0005990899030092374,0.008176065181128216,0.023078075544548462,0.05596752405173918,0.009308725806348348,0.007456551863635263,0.010425105015529986,0.004476320971910512,0.005440902165954207,0.008016051166089734,0.014005212837809871,0.009675757772863084,0.010026053751879763,0.05254304561759169,0.006280858489281805,0.005948610554982183
4460,4460,0.0003553135415678357,0.0077270972848888266,0.004528814352740858,0.033562932376594766,0.035881065154614145,0.0007899882672769187,0.007188365727274719,0.04158143688590486,1.3115766777898226,0.012243960422213243,0.009339940248471528,0.013967987341910985,0.0043693779896002895,0.007362310270443335,0.007537112287375478,0.02544909292618421,0.013888503099724355,0.02268183844333312,1.303939092446377,0.006519528371889886,0.007271090165848503
4461,4461,0.0004153376475652886,0.0022181580470421085,0.005850390353350481,0.024277519020966237,0.018387616962387877,0.0006179239210804385,0.003129304782916941,0.007093157579939642,0.047822738182755564,0.045123693499693085,0.0375814186168629,0.023663553338811368,0.01650798665373641,0.008778001986511113,0.035856232650181626,0.005639144832182507,0.04884697126620821,0.01141292066358962,0.053201940219147835,0.011242127917581606,0.0022494445097305527
4623,4623,0.0003539657348488488,0.004462305720180336,0.0042996601655445575,0.02588984102691851,0.02398799271805103,0.000599229399771909,0.008174855355578797,0.023086302510742784,0.05602047548384094,0.009309435615271668,0.007457184171258369,0.01042753151595284,0.004476391100357257,0.005441848563278105,0.008016163392669478,0.0140114430322448,0.009677529851549807,0.010030311514682705,0.052591164360416234,0.006281683722663214,0.005949450654664482
4700,4700,0.00035531349009638807,0.0077335500409736685,0.004530136810935394,0.03358030338772202,0.0359032410274617,0.0007904299156534266,0.007190487024242487,0.04160862637592616,1.3033677663301926,0.012247016891805755,0.009341627969184613,0.013974713897772013,0.004369351957656651,0.007365626534237804,0.007537177181149726,0.02547410672075141,0.013894607719274059,0.02269836189586716,1.295727340721103,0.0065215466643105645,0.007274017144475566
4791,4791,0.0004153386674676591,0.002218143263221641,0.005850479593556232,0.02427772827999053,0.018387946726462368,0.0006179359866163716,0.003129328093821992,0.007093266431150272,0.04782430030869207,0.04512409634858578,0.03758132188650632,0.02366350741598133,0.01650819582205766,0.008778016774580363,0.035856700301019555,0.005639127703616226,0.04884724580845298,0.011413154738542205,0.0532032894600736,0.011242455424400524,0.0022494372560881303
4837,4837,0.00035531335673478587,0.007727698421780305,0.00452893137455781,0.033564479034289205,0.03588298547603445,0.000790029984225682,0.007188533430332417,0.04158344724680396,1.3115486441727275,0.012243959771946674,0.009339910540758264,0.01396852535298466,0.004369303126000614,0.007362502189829236,0.007537040141936469,0.025451277007854045,0.013888847513961664,0.022682911147257852,1.3039107871707425,0.00651972171369974,0.0072713240158791955
5118,5118,0.0003539657404292,0.00446250809899781,0.0042997002833400615,0.025890575390251528,0.023988959204578744,0.0005992467683008911,0.008174771904856434,0.023087438749588945,0.05602428035243262,0.009309495147418988,0.00745723404086375,0.010427765716779985,0.004476380964999072,0.005441959577251106,0.008016134543305662,0.014012094722350477,0.00967770152166466,0.010030921218409415,0.052594859494356466,0.006281788557972121,0.005949540198894713
5392,5392,0.000353965923819092,0.004461990403707724,0.004299565388505063,0.02588923462623442,0.02398699037290983,0.0005992209392831016,0.008175438761434449,0.023084995856594702,0.055992826233028405,0.009308604769780276,0.007456545457348035,0.010426851274012869,0.004476217178847239,0.005441574595542657,0.008015962123841295,0.01401015596864103,0.009676629785586305,0.0100293645412922,0.05256611927266122,0.0062817924624895185,0.005949264844423928
5420,5420,0.00035396622137399904,0.00446170610379807,0.0042995338144152725,0.0258882107958989,0.02398579112700516,0.0005991860216750532,0.008175226324444217,0.023084044221257254,0.0560127559979538,0.009309462692880958,0.007457175323973088,0.010426889647679448,0.004476435502671554,0.005441632797210182,0.008016291292058384,0.014009442263878092,0.009677210075455946,0.010029275571049202,0.05258424229479364,0.00628145919175016,0.0059491998048811605
5525,5525,0.00035531349472652315,0.007734369587560619,0.004530307121498107,0.033582517245693944,0.035906054668444785,0.0007904858129113144,0.007190762026766389,0.041612082004605436,1.3022786014494676,0.012247427957558324,0.009341854592917562,0.013975577464296365,0.004369353209774554,0.007366049088339498,0.0075371877728664565,0.02547729469869849,0.01389540097198087,0.0227004712577788,1.2946378247587156,0.006521803220196046,0.007274389803563437
5543,5543,0.00035396605924128396,0.004460592774082771,0.004299154368338205,0.025884031180187908,0.0239806938334468,0.0005990987257729307,0.00817598274551555,0.023078702796308703,0.05597013826956625,0.009308781519900526,0.007456595411502509,0.010425245228381131,0.004476313708486795,0.005440963303173872,0.008016018095765302,0.014005636088520896,0.009675876469155423,0.010026396289209429,0.0525455396034114,0.006280887480859296,0.0059486643400840184
5611,5611,0.0003539662361321051,0.004459153563015178,0.00429877537170535,0.025879046396205432,0.02397433521270184,0.0005989847962722773,0.008176806836825576,0.02307182691451676,0.055932478587730886,0.009308298492593512,0.007456163754050999,0.010423416342723571,0.004476300243768092,0.00544021453831425,0.008015995412109412,0.014000849531817105,0.009674554899028959,0.010022809203537436,0.052510919971025166,0.006280192351768004,0.0059480168616953925
5695,5695,0.0003553136532808478,0.007730515777540817,0.004529518252059193,0.03357218790857388,0.03589292845560152,0.0007902209738143611,0.007189515679028823,0.041596265327829514,1.3065899317018412,0.012245820782573106,0.009340991526442691,0.013971624439175856,0.004369422230913655,0.0073641675015124735,0.0075372197785963544,0.025462454538198915,0.013891927364887313,0.022690978232036915,1.298950854525293,0.006520587437669449,0.007272672108472535
5913,5913,0.0003553135468994921,0.007725662167174836,0.004528518177739426,0.033559053171207436,0.03587612620285719,0.0007898900612953321,0.007187896207641302,0.04157538642685925,1.3134509580742493,0.012243266786205723,0.00933955317602704,0.01396648195967644,0.00436938086997622,0.00736157223370367,0.00753710105339063,0.0254435254839243,0.013887133436405484,0.0226781588493547,1.3058139974784704,0.006519078679606097,0.007270437073608925
6054,6054,0.00035396612268571434,0.00446038391189823,0.004299115756542209,0.025883388933409312,0.023979804263496662,0.0005990833820702104,0.008176116222387897,0.02307765948087597,0.05596461587767142,0.009308672956210977,0.0074565073173821295,0.010424987775869756,0.00447631274546481,0.005440851960268312,0.008016035156899552,0.014004941040597673,0.009675659173021564,0.010025825741200095,0.05254037158242639,0.006280816401151033,0.005948571853175836
6075,6075,0.0003553135760068531,0.007732194022122178,0.004529860752620401,0.03357668005796448,0.03589864607745651,0.0007903363433578027,0.0071900543015015065,0.0416031443753074,1.304758273798924,0.012246499876652824,0.00934135528763879,0.013973336559930723,0.004369388698552461,0.007364983691572781,0.007537212007461574,0.025468907998788468,0.013893421706850696,0.022695102316933436,1.2971184454340403,0.006521115506751074,0.007273418971999266
6296,6296,0.0003553135458139408,0.007726170436596713,0.004528624592630561,0.03356043014343025,0.035877874654096226,0.0007899244448864843,0.007188064942745026,0.041577531391705384,1.3127809763737557,0.012243516542302685,0.009339690939716804,0.013967015591582931,0.004369380062560829,0.00736183832251126,0.007537117225957382,0.025445496741981318,0.013887621755406912,0.022679470626423063,1.3051437969333357,0.006519236179686892,0.00727066892351415
6362,6362,0.0003539659048710536,0.0044614894760849145,0.004299389937907821,0.025887138086813314,0.023984623808680636,0.0005991711720105548,0.008175512692186915,0.023082857647323096,0.0559899821086154,0.00930893485878359,0.007456755640878218,0.01042633131496677,0.004476293053065501,0.005441396224759624,0.008015994516168922,0.014008592561506151,0.009676573767685685,0.010028492726986565,0.052563730760722516,0.006281350359467186,0.005949058237218086
6422,6422,0.0003553135091872319,0.007734313361850813,0.004530295051861461,0.03358236779419818,0.035905878920401105,0.0007904816670290425,0.0071907454258096325,0.04161190259921287,1.3022955171706516,0.012247420125412772,0.009341854866147678,0.013975522812027016,0.004369359149201126,0.00736603489162362,0.007537203958718263,0.025477083710590067,0.01389536044770734,0.02270037926501864,1.294654759498154,0.006521781826274737,0.007274368929335541
6468,6468,0.00035396591356550935,0.004462185246890713,0.004299629593425597,0.025889793445083718,0.023987750752004152,0.0005992303680380358,0.008175167048898502,0.023085859215205968,0.056006387476842064,0.009308941293075341,0.0074568054726759266,0.01042720772144978,0.004476284384968588,0.005441719813486089,0.008016061747566581,0.014010896606430385,0.009677045958894657,0.010029919005294707,0.052578378092646635,0.006281799535735874,0.005949365230325532
6582,6582,0.0003539659380725684,0.0044619303877249175,0.0042995462704944545,0.025888755378059257,0.02398659446145201,0.0005992047861368412,0.008175180369187858,0.023084909389759583,0.056007598539894066,0.009309240540926531,0.00745701432683017,0.010427005774651173,0.004476355611425582,0.0054416655851610065,0.008016115796145628,0.014010126800924479,0.009677127469558785,0.010029600829209907,0.05257968302497605,0.006281563398349922,0.005949276596337547
6783,6783,0.00035396614267227367,0.004461210775149412,0.004299368948313664,0.025886377113378715,0.02398352128609759,0.0005991485604623314,0.008175587383154369,0.023081597403637005,0.05599143598501654,0.009309069771829331,0.007456850196681668,0.0104261289090289,0.004476367523079058,0.005441317855042246,0.008016151443768866,0.014007738755285487,0.009676537498459438,0.010027909947409543,0.05256482064618878,0.006281230878158278,0.005948957923408286
6888,6888,0.00041533922487721264,0.002218141596331098,0.005850474712606666,0.02427753424889461,0.018387862464926463,0.000617944328621448,0.003129353070265847,0.007093359208721737,0.047826287066701084,0.045123327690167685,0.03757993417672145,0.023662788283188758,0.016507661338808783,0.008777818292257671,0.035855518750654625,0.005639142022640051,0.04884620133849734,0.011413008875398369,0.05320480364222261,0.011242563525951384,0.0022494199262450385
6899,6899,0.0003539659422003658,0.004462511731802774,0.0042996771455087335,0.02589080317229936,0.02398929339369632,0.0005992509131683811,0.008174868293455376,0.023088059548769663,0.05602504408327351,0.009309572627370451,0.007457288429480434,0.010427766361726706,0.004476369609853582,0.0054420085192725095,0.008016123336932857,0.014012039260078544,0.009677776534278265,0.010031347081731435,0.052596039245610016,0.006281819708989478,0.005949543888829742
6977,6977,0.00035396663780991935,0.0044599761133890395,0.004299087323067288,0.02588247501238856,0.02397844471369507,0.0005990536983277957,0.008176247925138588,0.023076305017472,0.055968307285298335,0.009309028089166732,0.007456765593608402,0.010424761502112679,0.004476453185245532,0.005440804728781415,0.008016289690113377,0.014003698063109892,0.009675743759613484,0.010025317690261852,0.05254378285406303,0.006280673277181604,0.005948447724093109
7125,7125,0.0003539660700686477,0.0044611699032525935,0.004299353634872514,0.025886414173321656,0.02398339923140952,0.0005991549378356018,0.008175883899224927,0.023081160817284226,0.055974518292634834,0.009308434777390734,0.007456378278643858,0.010425851951603084,0.0044762305004850955,0.005441171689809132,0.008015987451137642,0.014007440294591786,0.009675969973673756,0.01002741643925502,0.052549293157789695,0.00628137853876945,0.005948901597098076
7171,7171,0.00035396556817487144,0.004460197723217272,0.0042989536564448545,0.02588242037288473,0.02397868911369652,0.0005990777924511815,0.008176655366140331,0.023076307551902788,0.05592698066620984,0.009307540708162795,0.0074556518051350894,0.010424236009556692,0.004476015338955457,0.005440484565120403,0.008015534251508541,0.014004012243858641,0.009674535663589338,0.010024716614058037,0.05250628982185672,0.006280840814531374,0.005948395645053054
7250,7250,0.00041533765662337015,0.0022181574988178955,0.005850394854115425,0.02427754360429235,0.018387639069505773,0.0006179239084653492,0.003129304290839805,0.00709315655086053,0.04782267454907303,0.04512376593920176,0.037581512526578896,0.0236636021484728,0.016508034542877126,0.008778016609303338,0.03585633499677557,0.0056391430772065225,0.04884705749147489,0.011412942525518813,0.05320189883441038,0.01124213593401296,0.0022494453827682282
7416,7416,0.00035396575772830965,0.004462569393396198,0.004299722639216961,0.025890809954591087,0.023989245859578637,0.0005992514991757786,0.00817471968293511,0.023087736459572003,0.05602708228091372,0.00930954857621745,0.0074572783875637705,0.010427864523999308,0.004476393471247108,0.005442000953739742,0.008016159147132709,0.014012313100650752,0.009677788833945372,0.010031083691087165,0.05259739170320432,0.006281818949630745,0.005949572104323164
7475,7475,0.0003539660841364143,0.004460614567416863,0.0042991754362104815,0.025884192559455184,0.02398081861633969,0.0005991018113402224,0.008176007503559466,0.02307873699572158,0.05597044113247696,0.00930871262688356,0.0074565493177153955,0.01042526874247017,0.004476301631197164,0.005440959882297647,0.008016033781908308,0.014005687208536649,0.00967584411442998,0.010026381476616495,0.052545712606630574,0.006280934058385655,0.005948668667239625
7583,7583,0.00035396617724323093,0.0044612862015642255,0.004299372328476632,0.025886709896597047,0.023983987212737874,0.0005991550190116517,0.008175620918705983,0.02308231207050112,0.05599585257948023,0.009309189346793,0.007456945329928206,0.01042625065878716,0.0044763555821469465,0.005441380036802839,0.00801614808687308,0.014007925999056536,0.009676697247800192,0.01002838833661621,0.052569203064846616,0.006281256977729834,0.005948989747901104
7787,7787,0.0003539655548654562,0.0044631142089978796,0.004299861955500455,0.025892511840990264,0.023991472889424974,0.0005992911441741207,0.008174346416132617,0.023090136501291558,0.056042094172563416,0.0093097732060129,0.007457473653572346,0.010428568159121495,0.004476410581631178,0.005442274465505594,0.008016161768005091,0.01401415974864977,0.009678314073097823,0.010032334982851469,0.052611084329987866,0.006282028654247957,0.005949819428512711
8129,8129,0.0003553135155556941,0.00773424665273772,0.004530279994884372,0.033582186141507514,0.03590565568935182,0.0007904774635939905,0.00719072220608837,0.04161164098887525,1.3023550163102946,0.012247397660438994,0.009341843065918957,0.013975454831079528,0.004369362238582361,0.007365999239419895,0.0075372013507838155,0.025476832262918213,0.013895305932351304,0.02270022153415406,1.2947142851534843,0.006521762267278913,0.007274339684352539
8348,8348,0.00035396609249047534,0.004461424349139414,0.004299405347595516,0.025887124389656763,0.02398451579925899,0.0005991664096529726,0.008175535858023462,0.023082781752150654,0.05599555272928402,0.009309110929325244,0.007456891824779401,0.010426370173435923,0.004476340847771871,0.0054414216626926,0.008016110122499075,0.01400839569055537,0.009676707375344646,0.010028551350737649,0.05256882690069413,0.006281334424203335,0.005949047443478702
8462,8462,0.0003539655438962497,0.004463071108753391,0.004299840966546796,0.025892359238210504,0.023991293258968774,0.0005992884643706702,0.008174403763233959,0.023089967217842573,0.056039262787911534,0.009309709545908495,0.0074574225678604045,0.010428483592778268,0.004476391298378657,0.005442240422040352,0.008016130226042311,0.014013991867348162,0.009678229424866631,0.010032238025054088,0.0526085652153654,0.006282013420710652,0.00594979425262324
8478,8478,0.00035396570772881433,0.0044626249039036656,0.004299727258342042,0.025890953520084758,0.0239894601578434,0.0005992555707550209,0.00817469871325243,0.023087993436498862,0.056027421253931814,0.009309543941737951,0.007457275989840259,0.010427913422990868,0.00447638289391831,0.005442020373005403,0.00801613288466775,0.01401248634677275,0.009677814573842976,0.010031214686975574,0.05259775628989729,0.0062818358565821285,0.005949593623071916
8494,8494,0.0003539659511246411,0.0044618114025435284,0.004299519564351892,0.025888618981751696,0.02398620148419945,0.0005992066518081796,0.008175539510732669,0.02308414098340171,0.05598846743595592,0.00930855215792846,0.007456498601010568,0.010426629091680585,0.00447621763473932,0.005441482978306413,0.00801596446383128,0.014009560868612415,0.009676472796593016,0.010028922118404116,0.05256210401423008,0.006281705306546265,0.005949184310786611
8495,8495,0.0003553134842067938,0.007734764853668931,0.004530386916497895,0.03358357770467295,0.03590740979035475,0.0007905127440085111,0.007190890794828719,0.041613720525492816,1.3018167622097572,0.012247598437659754,0.009341949219997087,0.013975983553672676,0.004369348184155458,0.0073662473433479,0.007537197794125774,0.02547881803864474,0.013895760535716327,0.022701461955761143,1.2941758080344543,0.0065219265046880855,0.0072745678536945795
8706,8706,0.00035396611134023845,0.00446059788416375,0.0042991750374428645,0.025884147715246542,0.02398076116707217,0.0005991005411692225,0.00817599261361267,0.02307868373012452,0.055970456163784,0.00930874714732698,0.0074565744964094965,0.010425265349295285,0.004476317445368439,0.0054409657299274005,0.0080160462495974,0.014005654348868229,0.00967586057653345,0.01002635942085099,0.052545726428771165,0.006280925634999597,0.005948668442677705
8731,8731,0.00035396586079552755,0.004461470484936652,0.004299375415712091,0.025887019530768874,0.023984501603868242,0.0005991692910624445,0.008175532020031193,0.023082742851412562,0.05598813987334985,0.009308896635889184,0.007456725852709625,0.010426283199878345,0.004476280706629077,0.0054413749295764225,0.008015965557332728,0.014008519361673251,0.009676522279554484,0.010028423705798355,0.05256207393607088,0.006281330972688064,0.005949045565292608
8891,8891,0.0003539660796883448,0.004459733388246815,0.004298900567890436,0.025880906532549732,0.023976819526775377,0.000599028760684157,0.008176461827672031,0.02307462647892316,0.0559467991070762,0.009308517783857832,0.007456351190122834,0.010424124271464994,0.004476295875389032,0.00544051081107303,0.008015957346663456,0.01400277214518393,0.009675093841243472,0.010024295302013415,0.05252421569139135,0.006280424978707514,0.005948272969961152
8936,8936,0.0003539659691568045,0.004461825983427703,0.00429951615992147,0.025888558809690432,0.023986236378721985,0.0005992031259974375,0.008175410352377656,0.023084368827489474,0.05599581338690615,0.009308850340622898,0.0074567183434481816,0.01042674133863064,0.004476275426794493,0.005441548169894825,0.00801602329331758,0.014009677191974906,0.009676732239780538,0.010029176412813043,0.05256891941474518,0.006281624017219182,0.005949206869456636
9063,9063,0.00035396579836686814,0.004462304243717875,0.004299645003237842,0.025890084311837862,0.02398816536352948,0.0005992390288570152,0.00817511040199543,0.02308627620049557,0.05600631755476401,0.009308883592140256,0.007456764961248791,0.010427298553725536,0.004476259447656128,0.00544174797369295,0.008016009188412452,0.014011275368931923,0.00967706161499461,0.010030090523012368,0.052578296839790636,0.00628184273995505,0.005949407231398247
9076,9076,0.0003539661381555156,0.004461301289175603,0.004299371092102947,0.025886717403026428,0.02398401122792686,0.000599156058546709,0.008175610566917728,0.023082316724672758,0.05599478068776567,0.009309151493473434,0.007456915359158608,0.010426244169601593,0.004476347059178432,0.005441375174537704,0.00801612739710036,0.01400797547864858,0.009676669483372771,0.010028366315386169,0.052568198849773255,0.006281261480945483,0.0059489929581859405
9178,9178,0.0003553135703451864,0.0077300653908155565,0.004529424445936043,0.033570941149156444,0.03589130700456671,0.0007901906237465709,0.007189350438877986,0.041594101966122926,1.3075578860816657,0.012245456349275229,0.009340774068700224,0.013971106796563009,0.004369388037219476,0.007363876344168764,0.0075371765212861545,0.025460639738914458,0.013891381594220554,0.022689589345803063,1.2999190007995258,0.006520451297862921,0.007272448004000031
9377,9377,0.00035396591648671316,0.004462203972547072,0.0042996314181160955,0.02588984507835653,0.023987840086300886,0.0005992312511855629,0.008175142275826008,0.023086006032209446,0.05600778171286672,0.009309000436227096,0.007456849156657825,0.01042724567363029,0.004476293503458356,0.005441741172767391,0.008016066038786867,0.014010966490487302,0.00967710562512966,0.01003002272264862,0.05257971054948117,0.0062817941513141256,0.005949377080951478
9638,9638,0.00035531353322547333,0.007727261112283462,0.004528849276582687,0.03356337967715692,0.03588162110890893,0.0007899989808118343,0.0071884203789704644,0.041582097321621166,1.3113971312024082,0.012244032369776196,0.009339978992283374,0.01396815837179166,0.004369373716480698,0.007362395908128434,0.007537117787510143,0.025449716961865897,0.013888654961228965,0.022682239816953564,1.3037594842934916,0.0065195789664603725,0.007271162816008174
9677,9677,0.00041533900046362217,0.0022181422933090717,0.00585047598261199,0.02427760857760145,0.018387893986232657,0.0006179409509434433,0.0031293429771269764,0.0070933220620832405,0.04782549296097573,0.04512362954044916,0.03758048290656848,0.0236630726146469,0.016507871795149256,0.00877789660669765,0.03585598469888016,0.005639136183709782,0.04884661266741873,0.011413065585071649,0.053204197526404685,0.011242519360834409,0.0022494267657191145
9774,9774,0.000353966173231489,0.004461494003446429,0.004299445734806342,0.025887395317936025,0.02398484542003404,0.0005991714556420603,0.008175400342811806,0.02308314149314936,0.056000276370271565,0.009309294972569193,0.00745703640692818,0.010426540881279842,0.004476407011259156,0.005441511005452637,0.008016182595887461,0.014008712915393351,0.00967690172813388,0.010028761154155168,0.05257307862358896,0.006281361354022282,0.005949105889702525
9923,9923,0.000355313399726444,0.007730606054318641,0.0045295282518485296,0.033572337185744996,0.03589304071647829,0.000790228872519555,0.007189496707811248,0.04159589486390585,1.307568147140474,0.012245440399644527,0.009340740593671765,0.013971587315288764,0.0043693183237908245,0.007364039372106084,0.007537102300929103,0.02546259955693108,0.013891679492544214,0.022690528976553798,1.2999290070937943,0.006520628912786122,0.007272658392646555
