,fit_index,sig_offset,dNu1 (GHz),dNu2 (GHz),A_U (GHz),B_U (GHz),A_L (GHz),B_L (GHz),T (eV),b1,b2,b3,b4,b5,b6,b7,b8,b9,b10,b11,b12,b13,b14,b15,RMSE
0,5.0,0.012223815387576628,1.6116151131902392,0.3329797795450246,0.30938857314492996,-0.28493883312367263,0.07515117461092038,-0.4557890759735415,0.03590994918918281,0.7395358225466274,0.17051949593146126,0.27052455946032805,0.3834606611452536,0.15422018689358913,0.5918132974040315,0.7733724029844236,0.4526083894806227,0.3092653820917913,2.615745013488426e-14,0.023950821339563718,0.10828864343089982,0.4497426586593916,0.3810353244078758,0.39814710332062586,0.005939608039830764
1,66.0,0.012223822070610013,1.6116149691743953,0.3329802776865421,0.30938856282427,-0.28494181579132993,0.07515115391201568,-0.4557909642414397,0.0359099154262819,0.7395342414372243,0.17051862022285846,0.27052507728999964,0.3834616662480571,0.15421954690191242,0.5918138111253295,0.7733728907495228,0.4526092823872981,0.30926626522497264,7.587923261380641e-15,0.02395045963343954,0.10828938980443067,0.4497427360500919,0.3810358895140973,0.3981472309144125,0.005939608039419944
2,166.0,0.012223826015624866,1.6116148819014948,0.33298041439741866,0.3093885525103136,-0.28494254955211873,0.07515114606152162,-0.4557913443095525,0.03590989916353656,0.739533792468417,0.17051861908491273,0.2705252823919386,0.3834619723557677,0.15421942177424794,0.5918140212478231,0.7733729894712645,0.4526094576191442,0.30926666061126085,3.924297366199077e-16,0.02395032789116793,0.10828959199356343,0.4497428232064351,0.38103591754785815,0.3981473560012687,0.005939608039311552
3,207.0,0.012223837135768904,1.6116146481574771,0.33298037757370913,0.3093885147603097,-0.28494209945863425,0.07515113731389828,-0.4557907418351849,0.03590986522019076,0.7395336924384089,0.1705196127188565,0.2705255562497436,0.3834620764237708,0.15421973622996296,0.5918143182729421,0.7733728545257841,0.452609217735857,0.3092674143619709,8.815408574776096e-17,0.0239501740828025,0.10828959128193286,0.4497431775947417,0.38103541500760735,0.3981477084746929,0.005939608039143736
4,329.0,0.012223833219253164,1.6116147346105667,0.3329800165094205,0.30938851943820356,-0.28493994318857696,0.07515115168718711,-0.4557893659722287,0.03590988684774669,0.7395348074378979,0.1705202848151892,0.270525203251453,0.3834613641419411,0.15422022111157158,0.5918139694796514,0.7733725030455483,0.4526085786704573,0.3092668389228333,2.5817021209534386e-16,0.02395042106910644,0.10828906209079914,0.4497431515541346,0.38103499196002055,0.3981476322790005,0.005939608039354593
5,333.0,0.012223839646591196,1.611614598284994,0.3329800859615652,0.30938849970663884,-0.2849402460014316,0.07515114391275846,-0.4557894044525792,0.03590986490254528,0.7395344861862585,0.17052060895096535,0.2705254247375348,0.3834615879095224,0.1542202588562768,0.5918142001833983,0.7733725225617918,0.4526086168573945,0.3092673506060065,1.0026021858010218e-17,0.023950284102222903,0.10828919033224133,0.4497433318558817,0.3810348481420157,0.3981478234010721,0.005939608039278472
6,402.0,0.012223835493845972,1.6116146807476681,0.33298049600213764,0.30938852285422647,-0.28494285535716285,0.07515113513786273,-0.4557912982355549,0.03590986720880211,0.7395333867913672,0.17051917354665871,0.2705255938736436,0.3834622651002146,0.15421951001631745,0.5918143501834182,0.7733729911851597,0.452609462981097,0.3092673975350152,3.9086988351931676e-18,0.02395013957311396,0.10828974845668994,0.449743095689558,0.38103566059830507,0.3981476477297627,0.005939608039145063
7,406.0,0.012223818656921615,1.6116150381278942,0.3329799757502057,0.30938856640383505,-0.2849399315183588,0.07515116555255294,-0.4557897140169979,0.0359099332045798,0.7395352240348236,0.17051930859640332,0.2705247897772421,0.3834610647584401,0.15421995274821745,0.5918135317725656,0.7733725651268081,0.4526086758315762,0.3092657825014161,5.6709382924502265e-14,0.023950669687861092,0.10828892154064472,0.4497427106149285,0.3810354567388717,0.3981472105079848,0.005939608039604692
8,408.0,0.012223826190974157,1.61161489659559,0.3329792931460269,0.3093885268468015,-0.28493568651963885,0.07515118022866957,-0.4557866766447346,0.035909928564203226,0.7395369800153417,0.17052156299157106,0.270524508380141,0.38345995095802105,0.1542212077368611,0.5918132766632441,0.7733718225302886,0.4526073555034648,0.30926573464611995,8.00109569216918e-15,0.023950899978981626,0.10828802840413317,0.4497431207762336,0.3810341925350766,0.3981474580595786,0.0059396080403165226
9,486.0,0.012223838410005766,1.6116146205434971,0.33298041346397234,0.30938851130156375,-0.28494228815500483,0.07515113505047408,-0.4557908333010422,0.03590986026279976,0.7395335701222471,0.170519629363513,0.27052561538214714,0.3834621603456279,0.15421970817301855,0.5918143796526408,0.7733728786657811,0.4526092606330866,0.3092675337762452,3.938337154377678e-18,0.02395013678159082,0.10828964556307298,0.449743207241848,0.3810354140056623,0.3981477480164651,0.005939608039125874
10,508.0,0.012223828760042205,1.6116148298217798,0.33297966837709203,0.3093885260872453,-0.2849378458809999,0.07515116609276101,-0.4557880262612002,0.03590990958004163,0.7395359124097681,0.1705209307137791,0.27052484887412026,0.3834606654320496,0.154220674198267,0.5918136200471611,0.7733721584737807,0.452607944990508,0.3092662404559247,7.168005901854825e-16,0.023950670248477145,0.10828853791649813,0.44974310393617056,0.3810345783000109,0.3981475553607818,0.005939608039740826
11,537.0,0.012223833431940235,1.6116147213442595,0.33298031500801994,0.30938852493537605,-0.2849417158772476,0.07515114207635132,-0.4557905362470595,0.03590987780390073,0.7395339813951373,0.1705196021699954,0.2705254236844564,0.3834619036261816,0.15421975394141507,0.5918141845748301,0.7733727922813977,0.4526090907574635,0.30926710907838817,7.66553639978027e-17,0.02395026472102252,0.10828946456624823,0.4497430799522383,0.38103539112984014,0.3981476408600103,0.005939608039194448
12,548.0,0.012223834877426088,1.6116147004573491,0.3329798135028135,0.30938850899823617,-0.2849386354617631,0.07515115618369009,-0.4557884146916746,0.035909886873067606,0.7395353725065547,0.17052100043376156,0.2705251124833169,0.3834610206023323,0.1542205835236663,0.5918138870064036,0.7733722644964971,0.4526081440451459,0.3092667886918479,2.638315301347626e-16,0.0239504984123742,0.10828877674374912,0.4497432550734881,0.3810345822162884,0.3981477194250573,0.005939608039542462
13,557.0,0.012223838425372766,1.6116146235071085,0.3329801029699229,0.30938850408573737,-0.28494036987243515,0.07515114443059268,-0.4557895185524549,0.03590986832633075,0.7395344630705694,0.17052047270139584,0.2705254046427331,0.3834615989528149,0.15422020383885915,0.5918141763950485,0.7733725486335125,0.4526086627623414,0.30926727821989275,1.6350950569676083e-17,0.023950293797987486,0.108289206837866,0.4497432886726959,0.3810349185367313,0.3981477857802233,0.005939608039267784
14,566.0,0.012223839738984608,1.6116146002431615,0.33298019535340345,0.30938850254701067,-0.2849409813170014,0.07515114088379823,-0.4557899412312601,0.03590986238556406,0.7395341356401577,0.17052021766789366,0.2705254921890829,0.38346178947566695,0.15422008298236742,0.59181426184663,0.7733726617834901,0.4526088800797437,0.3092674395888961,5.155898355584158e-18,0.023950227261231662,0.10828936357305026,0.4497433049922046,0.3810350811955257,0.3981477776877361,0.00593960803920185
15,609.0,0.012223830562417028,1.6116147835299108,0.3329804851234913,0.309388538911818,-0.2849428735573431,0.07515113982236662,-0.45579143321711296,0.035909882784301406,0.7395335166765347,0.17051882975560542,0.27052545651729143,0.3834621694779433,0.15421941506572615,0.591814204030587,0.7733730175284661,0.4526095057304358,0.3092670434093824,2.1266701176575244e-18,0.02395022105428217,0.10828970606027966,0.4497429460029405,0.3810358261489057,0.3981475027219986,0.005939608039217958
16,680.0,0.012163447748049252,1.6597373167279812,0.2559425572723317,0.3243188606754369,0.2505947754102833,0.08546572477202351,-0.07741766211947343,0.047279126767586485,0.9009998054568836,0.26335650439548064,0.31555538133029176,0.14543883794351706,0.23135358889556445,0.4602906460727176,0.7357409194778523,0.2276119061616697,0.13689602705464787,1.9944786125858032e-13,2.741902615535707e-13,3.986307925012245e-16,0.3379304192979384,0.3324907410000674,0.4505465914931689,0.0067979467758067505
17,717.0,0.0122238175857757,1.6116150535027272,0.3329803479525179,0.3093885783288304,-0.2849422215555043,0.07515115517828372,-0.4557912928328477,0.035909926370592364,0.7395341887563096,0.17051826715025212,0.2705250213445782,0.3834617210979489,0.15421933781766442,0.5918137534407085,0.7733729591222046,0.4526093826607343,0.30926602235492623,1.065542327534262e-15,0.023950495253373876,0.10828943301770423,0.44974258153486507,0.381036059759877,0.3981471508871763,0.005939608039520433
18,859.0,0.012223840011060031,1.6116145923751548,0.3329800665149915,0.30938849812310076,-0.28494013419567576,0.07515114419147198,-0.455789327662151,0.03590986461793804,0.7395345268094712,0.17052066189510287,0.27052541782089434,0.38346155777970586,0.15422029639060356,0.5918141926993007,0.7733725039086812,0.4526085865185114,0.3092673559718971,2.98084470826646e-16,0.02395028905220461,0.10828916898109127,0.4497433461934847,0.3810348195329984,0.3981478268701184,0.005939608039292325
19,875.0,0.012223832153304321,1.6116147614287553,0.3329796624781657,0.30938851479188934,-0.28493777777454793,0.07515116328857044,-0.4557879112757083,0.03590989956280899,0.7395358465691846,0.17052115687311487,0.27052493172139996,0.3834607069284889,0.15422075986887376,0.5918137050180176,0.7733721354556868,0.4526079129870679,0.30926646831712,9.229858058552124e-16,0.0239506190735394,0.10828855702739948,0.4497432101954292,0.3810344715103338,0.3981476405550513,0.0059396080397302285
20,984.0,0.012223838217888928,1.611614629940154,0.3329800019841478,0.30938850254319183,-0.284939758506414,0.07515114770661402,-0.4557891102358358,0.03590987169410899,0.7395347535341471,0.1705207160059855,0.2705253274259325,0.3834614138377944,0.15422035883418628,0.5918141023550471,0.7733724462242839,0.4526084788568992,0.3092671780724808,4.827894348426082e-17,0.023950350150087816,0.1082890658580627,0.4497433088797355,0.3810347746938061,0.3981477866970803,0.005939608039347438
21,987.0,0.012223807837012523,1.6116152780916997,0.3329796934596309,0.30938859698097354,-0.28493851901368605,0.07515118440330723,-0.4557890980835656,0.03590997546294904,0.7395361731305475,0.17051901800823452,0.27052428945119583,0.3834603941563341,0.15422014849921736,0.5918130126277759,0.7733724035690263,0.4526083990014417,0.30926477369547845,1.9288241769286146e-14,0.023950981067575837,0.10828850726476816,0.4497424494577838,0.38103555426179264,0.3981468412647812,0.005939608040128238
22,1034.0,0.012163531300224123,1.6597371698391723,0.2559429092308252,0.32431878366400885,0.250589126311404,0.08546568153550596,-0.07742330454526349,0.04727881575989775,0.9009992956788974,0.2633580986838223,0.3155550125813153,0.14544005008166636,0.2313540419613397,0.4602947238940202,0.7357409775436996,0.2276196058588115,0.13689819185109314,1.0347139326192477e-11,8.835758663459343e-15,3.0654766627494734e-18,0.3379342133390471,0.3324886616104619,0.4505424469047129,0.006797946775186189
23,1058.0,0.012223833477689705,1.6116147196506696,0.33298050473468466,0.30938852930394234,-0.2849429029898982,0.07515113637942486,-0.4557913576512962,0.03590987287954886,0.7395334255860209,0.17051906443684334,0.27052555220984303,0.3834622478929439,0.1542194517999253,0.5918143068376275,0.7733729995684716,0.4526094692421074,0.30926726720303543,3.674793552830176e-19,0.023950166969688956,0.10828973758983024,0.4497430315557232,0.3810357080493456,0.3981476102281905,0.005939608039168089
24,1146.0,0.012223834881501715,1.611614691642929,0.3329805340532989,0.3093885256073511,-0.2849430843199495,0.07515113444792274,-0.4557914605880376,0.035909867905250484,0.7395332987818941,0.17051905209821167,0.2705256062095828,0.3834623241200997,0.1542194363764388,0.5918143616775211,0.7733730301356635,0.4526095296710652,0.3092673888027535,3.7914382519399916e-20,0.023950129847235102,0.10828979394650412,0.4497430674044092,0.3810357270236285,0.39814763488630217,0.005939608039151861
25,1183.0,0.012223821364903572,1.6116149827492277,0.3329801801836304,0.3093885626503834,-0.2849411946862229,0.07515115731209537,-0.4557905386554495,0.03590991985228205,0.7395345541155568,0.17051888257800255,0.2705249954452212,0.3834614781557745,0.1542196871801766,0.5918137336526909,0.7733727805476573,0.4526090765862059,0.30926613802735514,1.0429866051384351e-14,0.023950521830254902,0.10828923899576028,0.4497427403870117,0.3810357290206787,0.3981472395277837,0.005939608039453735
26,1230.0,0.012163541868659708,1.6597371168699309,0.2559429299929182,0.324318737837161,0.25058883705173657,0.08546565303300055,-0.07742361663318195,0.047278783621416486,0.9009993028733472,0.2633583152265137,0.31555474476789386,0.14544047835810772,0.2313541978313842,0.4602948840369434,0.7357407075011765,0.22761968339952954,0.13689844990936978,4.087630576004451e-12,5.0754846785211366e-14,8.990931448592187e-20,0.3379348508613371,0.3324886470971553,0.4505424772562355,0.006797946775207096
27,1253.0,0.012223836179838951,1.6116146671002642,0.3329803627472885,0.30938851743442597,-0.2849420098101558,0.07515113851613323,-0.4557906958237637,0.035909868419798235,0.7395337625579916,0.1705196048764457,0.27052552300483296,0.3834620343455253,0.15421973876862444,0.5918142846694658,0.7733728403950993,0.4526091887659144,0.3092673367718297,6.654610227643187e-17,0.02395019662778337,0.10828956083896653,0.4497431523160045,0.3810354120103416,0.3981476902957742,0.005939608039155159
28,1332.0,0.01222383503411988,1.6116146893232233,0.3329803419970969,0.30938852045561005,-0.28494187359872114,0.07515113995409242,-0.4557906153870137,0.03590987230781577,0.7395338614853391,0.17051961922674858,0.2705254814316853,0.3834619779336125,0.1542197463853385,0.5918142436310567,0.7733728159255149,0.45260913856246004,0.309267240990628,5.2504742327907125e-18,0.02395022629142937,0.10828951709179116,0.449743122426948,0.3810353938601809,0.3981476744806256,0.005939608039170754
29,1334.0,0.012223798671852524,1.6116154604120696,0.33298018097822313,0.3093886380899764,-0.28494165469837524,0.07515117750923014,-0.4557914540165738,0.03590999094285854,0.7395349716461762,0.17051705751691545,0.27052438554536823,0.3834611325621782,0.15421916438880345,0.5918130799678132,0.7733729781980847,0.4526094242633876,0.3092645401554345,2.8159320387914108e-14,0.023950873926433254,0.10828913518327124,0.4497420373267238,0.38103663591623615,0.3981465297513393,0.005939608040323528
30,1337.0,0.012163540463391685,1.6597371281527749,0.2559429305620765,0.32431874848818587,0.2505888196136881,0.08546565972474063,-0.07742362734145962,0.04727878689391421,0.9009992927424676,0.26335828547978485,0.3155548092135807,0.14544038616502933,0.23135416422073,0.4602949094648889,0.7357407786842282,0.22761978920096484,0.13689841835243527,1.858390363648212e-13,1.6185794489088654e-17,1.588560422136017e-20,0.3379347467413805,0.33248861645279365,0.4505424017405383,0.006797946775212626
31,1351.0,0.012223830299593574,1.6116147869266535,0.3329804856300782,0.3093885395358279,-0.2849428509084728,0.07515113986429309,-0.4557914071119733,0.035909883311121375,0.7395335380732819,0.17051885835498395,0.2705254530134222,0.3834621653339761,0.15421940908544274,0.5918142029515203,0.7733730082004499,0.4526094832880127,0.3092670279515825,1.3053543590813427e-18,0.0239502265019584,0.10828969627346496,0.44974293818451466,0.38103580612901616,0.3981475121658334,0.005939608039219099
32,1633.0,0.01222381331498965,1.6116151448489662,0.33298030540944284,0.3093885915906658,-0.2849420545359994,0.07515116028133573,-0.45579129746532,0.035909941015708456,0.7395343848364981,0.17051802173139424,0.2705248756175102,0.38346157891425137,0.15421930665337275,0.5918135997215824,0.7733729543973262,0.4526093745218811,0.3092656839907851,4.3853707410626055e-15,0.023950583422229645,0.10828935639353801,0.44974246011232616,0.3810361731390781,0.3981470162482639,0.005939608039664173
33,1649.0,0.012223838758267836,1.6116146134167642,0.3329804216050465,0.309388510424954,-0.2849423378866579,0.07515113456881911,-0.4557908615578605,0.03590985887726605,0.7395335365169835,0.17051962690394165,0.27052562965405696,0.38346218166797297,0.15421970339056185,0.5918143951542759,0.7733728873186595,0.4526092773735191,0.3092675660039059,3.375898776926008e-18,0.023950127240055987,0.108289660805002,0.4497432173304745,0.381035418958248,0.39814775518589895,0.005939608039121691
34,1710.0,0.012223805431474184,1.6116153125174262,0.3329795269833693,0.3093885990025927,-0.2849373015778246,0.0751511902594113,-0.4557881919462047,0.035909985189679215,0.7395368305283715,0.1705196663375786,0.2705241427512907,0.3834600466944412,0.15422036878380688,0.5918128810102232,0.77337215546595,0.4526079055585438,0.3092644918033761,4.433015133051129e-15,0.023951107769401517,0.10828818918619196,0.4497424198654623,0.3810351452201365,0.39814692140256974,0.005939608040349968
35,1765.0,0.012223832059522195,1.6116147501051392,0.3329805051903552,0.30938853416473744,-0.2849429439812305,0.07515113772783222,-0.4557914285729522,0.03590987732565639,0.7395334448515243,0.1705189346080924,0.2705255130981495,0.3834622279776448,0.15421941825464358,0.5918142651921581,0.773373016563671,0.4526095008373992,0.30926716769624685,5.618570416294267e-19,0.023950188781659276,0.10828973457709197,0.4497429880087553,0.3810357746802639,0.3981475607225149,0.0059396080391905404
36,1869.0,0.01222382876731753,1.6116148217911166,0.3329804673936062,0.3093885444249169,-0.28494279966516345,0.07515114190471314,-0.4557914302706537,0.03590988889308841,0.7395336018076787,0.17051873373366094,0.2705253949712899,0.3834621099907299,0.15421940137106396,0.5918141403499713,0.7733730135848136,0.4526094984440324,0.3092669009342517,1.7434488834741164e-17,0.023950259354376502,0.1082896730289964,0.4497428954756974,0.3810358695738309,0.3981474487483431,0.0059396080392512965
37,1899.0,0.01222383394619439,1.6116147119782782,0.3329803109338569,0.309388523331879,-0.2849416963797559,0.075151141854916,-0.4557905185331434,0.03590987644647537,0.7395339748732493,0.1705196280966233,0.2705254314514733,0.3834619051650505,0.15421977107621265,0.5918141934920028,0.7733727898824796,0.4526090891140944,0.3092671398567373,5.5035455193132306e-17,0.02395025969595042,0.10828946582777163,0.4497430967884343,0.38103538048347996,0.3981476484521628,0.005939608039190639
38,2101.0,0.012223837857016957,1.6116146310585109,0.3329802771593464,0.30938850969172416,-0.2849414235083296,0.0751511394801016,-0.4557902361947157,0.035909865224986084,0.7395339915893276,0.17052001039023695,0.2705255121257729,0.3834619042135,0.15421991433274962,0.5918142811410849,0.7733727256068555,0.4526089769467685,0.3092673859207728,7.239638655448198e-17,0.02395021533173576,0.10828944026064348,0.44974322618730334,0.38103518475518,0.3981477665531255,0.005939608039172257
39,2131.0,0.01222383467850429,1.6116146964445448,0.3329802347493911,0.3093885190456105,-0.2849411982997613,0.07515114344717091,-0.4557901505964633,0.035909876027591436,0.7395341878058735,0.17051991469861907,0.2705254006338406,0.38346177809819415,0.15421990974786987,0.5918141672378538,0.7733726976628218,0.4526089201007147,0.30926712972523945,1.6571850119588644e-16,0.02395028765715589,0.1082893576271417,0.4497431393171689,0.3810352167660148,0.398147687705675,0.005939608039212662
40,2150.0,0.01222386416821759,1.6116140795443448,0.3329808344565776,0.3093884361547876,-0.28494445947296376,0.0751510998927532,-0.455791688716844,0.0359097693393497,0.7395318314094227,0.17052041381459668,0.2705265846591399,0.3834633191945304,0.15421962614513735,0.5918153814978295,0.7733731370897341,0.4526097550082961,0.30926969011195155,9.552237048988023e-18,0.02394951965261259,0.10829038501878699,0.4497438933517715,0.38103514407123656,0.3981484531234948,0.005939608039213803
41,2163.0,0.01222382932277345,1.6116148099327663,0.33298000509993153,0.30938853126969257,-0.284939857020084,0.07515115495104935,-0.4557893567023426,0.03590989851343706,0.7395349660214864,0.17052015669532472,0.27052510203080177,0.3834612802275191,0.15422015309368045,0.5918138680641778,0.7733724880184271,0.452608533150685,0.30926656377459805,2.2384478752667532e-15,0.02395049053232812,0.10828899995015588,0.4497430347910565,0.3810350347538066,0.3981475652046799,0.005939608039401054
42,2202.0,0.012223814715072156,1.6116151189304908,0.3329803302195233,0.30938858789763674,-0.2849422309938877,0.07515115852304327,-0.4557914107084834,0.03590993653768625,0.7395342582510721,0.17051798104791602,0.2705249236501017,0.38346164651947423,0.15421929701414533,0.5918136451808765,0.7733729880434151,0.4526094456727178,0.3092657971448812,1.9664798670517878e-15,0.02395054755446448,0.10828941338834126,0.4497424957790312,0.3810362091543141,0.3981470271900687,0.005939608039628404
43,2243.0,0.0122238228712862,1.611614942180226,0.3329804037999052,0.30938856209512794,-0.28494246753373,0.0751511488052139,-0.4557913256093518,0.035909908450736834,0.7395339262918047,0.17051852810895082,0.2705252005050679,0.3834619029921733,0.15421936977058526,0.5918139406603885,0.7733729752383479,0.4526094154782976,0.30926643980498314,1.0799127296356993e-16,0.02395038471452966,0.10828953844409883,0.4497427301626208,0.3810359450999696,0.3981473052346117,0.005939608039374064
44,2258.0,0.012223840475496291,1.61161458244555,0.3329802043027692,0.30938849992810197,-0.2849409943141529,0.0751511397201941,-0.4557899150610578,0.03590985963922981,0.7395341116870334,0.17052029682171066,0.27052552226806803,0.3834618152803005,0.15422008696821024,0.5918142937387195,0.7733726535668322,0.4526088613130292,0.3092675012731466,8.9261650245678e-17,0.023950211186043097,0.10828937177892814,0.4497433256432326,0.3810350387115429,0.3981478149565592,0.005939608039196801
45,2289.0,0.01222383499652276,1.6116146917104677,0.3329803362725883,0.3093885206765466,-0.2849418597557247,0.07515114030851444,-0.4557906186417759,0.035909872757680115,0.7395338667246583,0.17051959788073234,0.2705254735850385,0.3834619680100402,0.15421975374365335,0.5918142348278921,0.7733728184567399,0.452609146546014,0.3092672318155824,6.379071681439119e-17,0.023950229543405324,0.10828951485156277,0.44974312240271797,0.3810354070041605,0.3981476622216573,0.005939608039173206
46,2385.0,0.01222383965012153,1.6116145962373178,0.3329801225208844,0.3093885003416208,-0.2849404474235732,0.07515114266422526,-0.455789528693226,0.03590986377250725,0.7395343950296926,0.17052054940994574,0.27052545184845833,0.3834616529305708,0.15422020094499872,0.5918142286234932,0.7733725516938341,0.4526086654409183,0.3092673825605741,1.3429404645544294e-17,0.02395026710353615,0.10828923455158683,0.4497433220728853,0.38103488176967065,0.3981478325917697,0.005939608039253912
47,2567.0,0.012223821716920557,1.61161496510543,0.3329803491633502,0.3093885644447402,-0.2849421298313785,0.07515115135840061,-0.4557911112469133,0.03590991326639344,0.7395341176720704,0.17051862211576868,0.2705251362850657,0.3834617854619339,0.15421943191146184,0.5918138763317203,0.7733729182445039,0.45260930736188504,0.3092663164802981,9.408304925595072e-17,0.02395042979661593,0.10828944880743616,0.4497427088365002,0.3810358804269045,0.39814728910912944,0.005939608039400532
48,2692.0,0.01222383098404289,1.6116147789873514,0.3329802402611953,0.30938853208786354,-0.28494136957148225,0.07515114696929182,-0.4557904016566533,0.035909887958128536,0.7395342048227197,0.17051950060192922,0.27052529770570544,0.3834617343550178,0.15421981394020892,0.5918140527076856,0.7733727603890092,0.4526090434633687,0.3092668678972918,5.292101842016388e-15,0.023950339940542152,0.10828936741037368,0.4497430238481324,0.38103543629126896,0.3981475360069901,0.005939608039251284
49,2777.0,0.012223889413030077,1.6116135396242486,0.33298164430496674,0.30938837062746993,-0.28494896754404625,0.07515105273070494,-0.4557941164451368,0.03590966967432927,0.7395290257554712,0.17052021780401108,0.2705278142189229,0.3834651668978794,0.15421891416175398,0.5918166330410544,0.7733737811915187,0.4526109355909195,0.3092721350396508,1.7679870741594227e-13,0.02394871408636676,0.10829164852354416,0.4497444580858833,0.38103544107615855,0.3981491352817891,0.005939608040267767
50,3010.0,0.01222383817621912,1.6116146324024814,0.3329799523684247,0.30938850168407006,-0.2849394662222976,0.07515114933501932,-0.4557889187108934,0.03590987324699315,0.7395348894868766,0.17052082518322206,0.2705252901209678,0.3834613241603352,0.1542204361470467,0.5918140659326857,0.773372399182025,0.4526083957879336,0.3092671326848529,5.503915963976702e-17,0.023950376400790074,0.1082889994657838,0.4497433202914569,0.3810347107973268,0.3981477837404925,0.00593960803939116
51,3026.0,0.012223836978909056,1.6116146604547463,0.3329799201281519,0.30938850517192923,-0.28493931940543626,0.07515115150742546,-0.4557888663635698,0.035909878158269286,0.7395349890451115,0.17052076871396646,0.2705252311799975,0.3834612484822483,0.15422045815124028,0.5918140039504522,0.7733723859539299,0.4526083766815802,0.3092670170929253,7.484391990022992e-17,0.023950411785015138,0.10828895700258012,0.44974329117232587,0.3810347364728889,0.3981477336762903,0.005939608039419782
52,3172.0,0.012129654845411484,1.6584154396433008,0.25940087903302345,0.32380592938337577,0.2161127952804962,0.08510203917108557,-0.10745264863486086,0.04630629223520035,0.8972673059012951,0.26121956149587944,2.051404963320643e-07,0.150207303100972,0.2297254103742521,0.4751824361672833,0.7388345090085655,0.26294097743110634,0.1447613258841822,0.3157661947179061,1.970585276209041e-12,0.002829638221602551,0.3476913325980178,0.3284056633633137,0.4312012533789567,0.006805647856001975
53,3200.0,0.012223805987999,1.6116153015195236,0.33298025908557205,0.3093886150850929,-0.2849419416905143,0.07515116834446223,-0.4557914289943154,0.03590996548839158,0.7395346384582696,0.17051751442289415,0.2705246439141226,0.3834613835354435,0.15421921103862812,0.5918133522597819,0.7733729787756801,0.4526094201771888,0.3092651265436013,1.0444197348601496e-14,0.02395071963622166,0.108289264828503,0.4497422442819737,0.3810364186630306,0.3981467771583285,0.005939608039961012
54,3227.0,0.012223864043577688,1.6116140780741326,0.33298103562910986,0.3093884409019093,-0.28494568114278945,0.0751510937309085,-0.4557925156183822,0.035909764360747935,0.7395312676595576,0.1705198951373441,0.2705267225829016,0.38346367913499096,0.15421930382307533,0.5918155134567679,0.7733733422788522,0.4526101227199356,0.309269849799822,2.804859207416183e-17,0.023949418350385075,0.10829066155224967,0.44974383610076746,0.3810354463402857,0.3981484377685269,0.00593960803926136
55,3231.0,0.012223840973923813,1.6116145703176448,0.3329801904402106,0.30938849769076177,-0.2849408753786527,0.07515113953056876,-0.4557898071491291,0.03590985826518028,0.7395341554186808,0.1705204120005032,0.27052552957177184,0.3834617965583375,0.15422012160543072,0.5918143031426709,0.7733726251793569,0.4526088060854505,0.3092675270559475,4.924639446097886e-17,0.023950210554725904,0.10828934751928554,0.4497433446252019,0.3810349734926575,0.3981478453113893,0.0059396080392059855
56,3334.0,0.012223835380748907,1.6116146833926466,0.3329803442666839,0.3093885196801088,-0.2849419000745264,0.07515113979584256,-0.455790635075549,0.03590987122611662,0.7395338373689345,0.1705196113211817,0.2705254892597654,0.38346198919080016,0.15421975000049687,0.5918142527055473,0.773372823793647,0.4526091555979298,0.3092672668877682,4.225273919779842e-17,0.023950220118843853,0.1082895273033744,0.44974313299901936,0.38103540220954096,0.3981476747428572,0.005939608039166985
57,3435.0,0.012223838397332373,1.6116146322235856,0.33298037095527194,0.3093885116636137,-0.284942169009011,0.07515113714814312,-0.4557908339206653,0.0359098627647094,0.7395336118337839,0.1705195073549384,0.2705255670672563,0.3834620887607706,0.15421976949092173,0.5918143225395021,0.7733728890996694,0.4526093053023181,0.309267482043162,2.6317386140213714e-18,0.023950155505466524,0.10828962845492453,0.4497432164577749,0.3810354918315397,0.3981476707736305,0.005939608039139221
58,3439.0,0.012223798434371654,1.6116154615284644,0.3329801765029511,0.3093886382852332,-0.2849415793195151,0.07515117754655615,-0.455791378738624,0.035909991284578065,0.7395350187986683,0.17051713740096358,0.27052438293873826,0.3834611190011916,0.15421916827406776,0.5918130809020775,0.7733729550379189,0.4526093730713056,0.30926452529313875,2.9509382687142084e-14,0.023950881256532018,0.10828911221787324,0.4497420322699077,0.38103658523840267,0.39814655304873203,0.0059396080403166344
59,3467.0,0.012223839184102563,1.6116146100736493,0.3329801145556057,0.3093885021146097,-0.2849404580172941,0.07515114356125543,-0.4557895773238216,0.03590986593594462,0.7395343983352018,0.1705204497390447,0.2705254272774749,0.3834616331257803,0.15422020072814102,0.5918141994614593,0.7733725665411592,0.4526087015336592,0.3092673369976576,1.7593107218704536e-16,0.02395027716011996,0.10828923656154843,0.4497433093472789,0.381034939190506,0.3981477899766517,0.005939608039256064
60,3471.0,0.012223877681592108,1.6116137831528992,0.3329815973327455,0.30938840813646173,-0.2849488610501497,0.07515106436406516,-0.4557943241305036,0.035909706954824865,0.7395294074071724,0.1705194916976592,0.2705274751674331,0.3834649015857268,0.15421872272697473,0.5918162766509213,0.7733738134053962,0.4526109800589722,0.30927127679632777,2.8695114690616268e-15,0.023948920042958947,0.10829151330778683,0.4497441104208069,0.3810357810984429,0.398148804980336,0.005939608039907165
61,3517.0,0.012223833707751429,1.6116147185241698,0.33298049957084946,0.3093885288388247,-0.2849429159703383,0.07515113659489309,-0.4557913886980021,0.03590987270020584,0.7395334082966531,0.17051901622966226,0.2705255478914421,0.383462244540198,0.15421946318471716,0.5918143006590731,0.7733730112713455,0.452609499603211,0.30926727420006045,3.4662243094500217e-18,0.02395016564702013,0.10828974663039156,0.4497430403420617,0.3810357404995394,0.3981475900953565,0.005939608039169132
62,3708.0,0.012223806008174623,1.611615298436521,0.33298022089149104,0.3093886138028731,-0.2849416619251673,0.07515116926271961,-0.45579121209384,0.035909966014831415,0.7395347729932266,0.17051769110192175,0.2705246229665855,0.3834613134234685,0.15421927366319887,0.5918133365390206,0.7733729213899119,0.452609308058186,0.3092651005073616,1.268486094098778e-14,0.023950741004291363,0.10828919778772456,0.4497422552814174,0.38103631321339737,0.3981468073079515,0.0059396080399460385
63,3712.0,0.012223834776106031,1.6116146955380632,0.3329803233973858,0.3093885210771098,-0.28494177588927583,0.07515114089716629,-0.4557905616148833,0.035909873624734336,0.739533912327079,0.17051963103980408,0.2705254606656804,0.3834619414216732,0.15421977004382298,0.5918142227429586,0.7733728038124986,0.4526091179428949,0.30926720815890896,1.6385628134014463e-17,0.02395023928080473,0.10828949287772806,0.4497431193942811,0.3810353856888463,0.3981476623082551,0.00593960803917861
64,3745.0,0.012223824459543212,1.6116149142679046,0.3329804329251677,0.30938855804528403,-0.28494269104401354,0.07515114683644536,-0.4557914802149282,0.035909903519864866,0.7395337706282099,0.1705184505051415,0.27052525392920396,0.3834619818268801,0.1542193567252872,0.5918139891926982,0.7733730207618685,0.452609513237861,0.30926656619186194,6.430115282073829e-17,0.02395034241907787,0.1082896099524794,0.4497427705630337,0.3810360052365807,0.3981473075353124,0.00593960803934859
65,3941.0,0.012223876763307651,1.6116138062513905,0.3329814998202434,0.3093884092788126,-0.28494831122440195,0.07515106833550975,-0.4557939912859728,0.03590971270980979,0.73952968580974,0.1705196262072728,0.27052737964564794,0.38346471238136265,0.154218855605331,0.5918161793679858,0.7733737309963823,0.4526108365485527,0.30927112747665936,5.20625019723935e-15,0.023948982940034814,0.10829138142853456,0.4497441069861871,0.3810356967365807,0.3981487683768311,0.005939608039788369
66,3985.0,0.012223843349884014,1.6116145195515177,0.3329801105978564,0.3093884877753923,-0.2849403140320597,0.07515113972351237,-0.4557893479168546,0.035909852660504143,0.7395343529303219,0.1705208540208935,0.27052554159898645,0.3834616881628597,0.15422030444716112,0.591814323836201,0.7733725119766417,0.4526085983099906,0.3092676309915944,2.7567458215040245e-16,0.023950215017120382,0.10828923968435926,0.4497434398048412,0.3810347304961034,0.3981479412920002,0.0059396080392678215
67,4087.0,0.012223826335063557,1.611614865685604,0.3329804126227874,0.3093885503133219,-0.2849424062130584,0.0751511451517898,-0.455791165627409,0.035909896975199744,0.7395338630700623,0.1705188580565071,0.2705253060013699,0.3834619697510039,0.15421943734360194,0.5918140550762512,0.7733729361962991,0.4526093383890008,0.309266695534672,1.847328652955306e-17,0.023950327056562158,0.10828955307221234,0.4497428354189613,0.3810357743187078,0.3981474387347263,0.005939608039287317
68,4096.0,0.012163499231920285,1.6597373369046875,0.2559428500448513,0.32431892933819595,0.2505899257390342,0.08546577228831098,-0.07742243326628058,0.04727891195242853,0.9009992605576356,0.263357436371186,0.31555586385602585,0.14543870153440594,0.2313535522608846,0.4602943021464317,0.7357418488540849,0.22761953626879705,0.13689741181587262,3.654023443137027e-12,3.969355525308665e-15,1.0056031450476115e-18,0.3379322501575245,0.3324886619065386,0.4505422518318036,0.006797946775577975
69,4181.0,0.012223816552958663,1.6116150755344218,0.3329803449102348,0.3093885816257388,-0.2849422253957073,0.07515115613493561,-0.4557913241586545,0.03590992977773835,0.7395342156974121,0.17051818760822476,0.2705249910148617,0.3834616993756036,0.15421931855577806,0.5918137203039089,0.7733729650711535,0.4526093936997463,0.3092659457477081,1.4420700488325201e-15,0.02395051288325961,0.10828942475241428,0.4497425499747349,0.38103609895188345,0.3981471173957027,0.005939608039553872
70,4246.0,0.0122238397037295,1.6116145990921384,0.33298014715955443,0.3093885011961934,-0.2849406516525396,0.07515114214203553,-0.4557896978167148,0.035909863473040815,0.7395342936226824,0.17052039874117178,0.27052546234061514,0.3834617004135058,0.1542201602116652,0.5918142353736903,0.7733725978315653,0.4526087587439848,0.3092674000945597,1.336235664110719e-16,0.023950253379798368,0.10828928578668236,0.4497433169688145,0.3810349731636138,0.3981478009048294,0.005939608039233142
71,4344.0,0.012223825541986885,1.6116149009030525,0.33298006323351265,0.30938854664956983,-0.2849404521419766,0.0751511574880605,-0.4557899557895093,0.03590991036701285,0.7395347775369101,0.170519431166531,0.2705250200303148,0.3834613331801181,0.1542199671387128,0.5918137650205388,0.7733726448146604,0.4526088441899787,0.30926632891494976,7.599037440812095e-16,0.023950514805211744,0.10828911240022293,0.4497429002456889,0.3810354401119882,0.39814734811815256,0.0059396080394198076
72,4356.0,0.012223842746990008,1.6116145315881474,0.3329803005060891,0.3093884944091334,-0.2849415208878576,0.07515113469415419,-0.4557902027326122,0.035909849774627634,0.7395338047054227,0.17052025552733807,0.2705256532489696,0.38346202302591065,0.15421998750075078,0.5918144271821206,0.7733727278118859,0.4526089925118802,0.30926774458202977,9.837171792210619e-18,0.023950125965536497,0.10828951128142604,0.4497433708960058,0.3810350784539054,0.3981478872367128,0.0059396080391466615
73,4409.0,0.012223833501677987,1.6116147206890996,0.3329805128041169,0.3093885297536833,-0.28494297746216385,0.07515113635653717,-0.455791421869552,0.035909872651321215,0.7395333874754245,0.17051900626196198,0.27052555480108903,0.3834622652767344,0.15421943879905953,0.5918143098312703,0.7733730187357639,0.4526095076055962,0.3092672752702372,2.1252576577764835e-19,0.02395016267444256,0.1082897565326965,0.4497430312401041,0.3810357440972231,0.3981475967951512,0.0059396080391698
74,4446.0,0.012223837973367258,1.6116146380867584,0.3329800383107073,0.3093885046634245,-0.28494003200904233,0.07515114712009116,-0.4557893292569901,0.035909871940308945,0.7395346284216394,0.17052052485545194,0.2705253389789982,0.38346147766541455,0.15422029301367446,0.5918141102609265,0.7733725044595903,0.4526085915062013,0.30926718628368943,3.1203314179658086e-16,0.023950335364105232,0.1082891289492355,0.44974329076293895,0.3810348869715348,0.39814774938126096,0.0059396080393134
75,4523.0,0.01222384079806137,1.6116145737899323,0.3329801646677989,0.30938849770670374,-0.28494071231914164,0.0751511404865679,-0.455789695740477,0.035909859331070514,0.7395342372391671,0.17052048154788574,0.27052550779720336,0.3834617477730827,0.15422015892266006,0.5918142836791418,0.7733725970464557,0.4526087532538141,0.3092674948592094,3.1607548396936995e-17,0.023950227269418072,0.10828930798129507,0.44974334670015603,0.3810349313973528,0.3981478477278737,0.0059396080392227135
76,4565.0,0.012223801377002777,1.6116153997012008,0.3329802018447749,0.3093886291246857,-0.2849416823587891,0.07515117418071288,-0.4557913746515309,0.03590998149840427,0.7395348881394311,0.17051729539261215,0.2705244788532265,0.3834612096542758,0.15421919526548186,0.591813180858261,0.7733729584340698,0.4526093815896587,0.30926475271720344,2.4535288814457768e-14,0.023950822193894543,0.108289163189976,0.4497421161535833,0.3810365137698273,0.3981466385798706,0.0059396080401723
77,4569.0,0.012223842967250705,1.6116145281284902,0.3329803406109527,0.30938849478979147,-0.284941784976831,0.07515113339883697,-0.4557903897505269,0.03590984821896067,0.7395336735929516,0.17052013033244265,0.2705256834898147,0.38346209990678937,0.15421992765111295,0.5918144557462625,0.773372776594061,0.4526090846683668,0.30926779102246194,9.644944673422423e-18,0.023950102032902817,0.10828957527422718,0.44974336727343095,0.38103515463020826,0.3981478775552903,0.005939608039128623
78,4608.0,0.012223834855312752,1.6116147001039842,0.3329802109110177,0.3093885187372431,-0.28494113952348377,0.07515114451444285,-0.4557901583998458,0.03590987695841925,0.7395342014031545,0.17051984181618046,0.27052537696993,0.3834617412272833,0.1542199478716395,0.591814138187755,0.7733727063744011,0.4526089527042913,0.3092671120917732,8.127556947857598e-17,0.02395029499985181,0.1082893525285348,0.4497431503142191,0.3810352649367419,0.3981476435062381,0.005939608039221818
79,4609.0,0.012223835041403088,1.6116146913782599,0.3329799737165464,0.3093885117188648,-0.2849395718205771,0.07515115093442559,-0.4557890231447008,0.0359098816834549,0.7395349366131208,0.17052066205172214,0.2705252324799551,0.38346131124157057,0.15422033403920718,0.5918140071974443,0.7733724141167867,0.4526084058283289,0.3092669387036497,2.620981450032915e-16,0.023950415749935863,0.1082889887453732,0.4497432188427198,0.3810347800642649,0.3981477341042803,0.005939608039385841
80,4618.0,0.012223798272176515,1.6116154608699778,0.33298013983486857,0.30938863742496825,-0.2849412978046396,0.07515117845802138,-0.455791156856358,0.0359099922185278,0.7395351601697077,0.17051731962345926,0.2705243612790277,0.3834610478729674,0.15421922553931913,0.5918130636866575,0.7733728947156558,0.4526092533969309,0.3092644897229082,3.908074421684581e-14,0.023950903618116817,0.10828904221716616,0.44974203732330376,0.3810364743961419,0.3981465856301928,0.005939608040303783
81,4719.0,0.012223819270043134,1.6116150162799745,0.3329803202035386,0.30938857189288826,-0.284941989433325,0.07515115439943643,-0.4557910737440331,0.03590992157040837,0.7395342524890262,0.1705185221315902,0.2705250505488298,0.38346169586080747,0.15421942161650806,0.5918137892509069,0.773372904849172,0.4526092797815512,0.30926612121667,4.1501092370562233e-16,0.023950484579780204,0.10828939323417902,0.4497426407955837,0.3810359209462617,0.39814722231032657,0.005939608039466345
82,4792.0,0.012223841996570091,1.6116145498900032,0.3329802871976615,0.30938849677697966,-0.284941478843846,0.07515113584034727,-0.4557902087083621,0.03590985275617302,0.7395338436452026,0.17052018875490282,0.2705256189223744,0.38346198851228536,0.15421998940849202,0.5918143910323097,0.7733727293243097,0.4526090000315448,0.3092676759848764,2.988605601029426e-17,0.02395014570769664,0.1082894970148696,0.4497433512293794,0.3810351134738347,0.3981478507905025,0.005939608039152097
83,4800.0,0.012223815318781882,1.6116150991254852,0.3329802916712746,0.3093885840911249,-0.2849418804207215,0.07515115857825566,-0.455791097319144,0.03590993468801307,0.7395344151342983,0.17051829965905207,0.27052492670321915,0.3834615823747176,0.15421937661428226,0.5918136575604285,0.7733729029294781,0.4526092737501092,0.3092658182607045,2.3574489727537042e-15,0.02395056017392645,0.1082893317597925,0.4497425260487067,0.3810360222624576,0.3981471083413565,0.005939608039585968
84,4825.0,0.012223807148608795,1.6116152751241617,0.3329802424655661,0.30938861065710116,-0.28494179007794,0.07515116771479985,-0.455791279453551,0.03590996197980202,0.7395346790046169,0.17051769626769106,0.2705246678105761,0.38346137059816265,0.15421926580083106,0.5918133807217353,0.7733729415371284,0.4526093482261525,0.3092651985307354,9.028051063064107e-15,0.023950710053200968,0.10828923884599036,0.4497422851816237,0.38103631933450494,0.3981468305786327,0.005939608039901968
85,4867.0,0.012223818277806359,1.6116150388411743,0.3329803569805387,0.30938857612801923,-0.2849422603251831,0.07515115419683416,-0.4557912997226733,0.035909924035072524,0.7395341521815736,0.17051830147496502,0.2705250454024529,0.3834617474369101,0.15421933867849688,0.591813778726059,0.7733729608197122,0.4526093860154463,0.309266077134286,8.537523390859126e-16,0.0239504810338381,0.10828944832135044,0.4497426000995142,0.38103604429827137,0.3981471726196769,0.005939608039499553
86,4986.0,0.012223817374757138,1.6116150574308212,0.3329803458974593,0.30938857893158345,-0.2849422093276143,0.0751511554136104,-0.4557912876478125,0.03590992708541132,0.7395342000356719,0.17051826145389945,0.27052501568118875,0.38346171353600106,0.15421933677847352,0.5918137464755749,0.7733729573857756,0.4526093784773163,0.3092660068019638,1.1562701901218846e-15,0.02395049855671046,0.10828942775211987,0.44974257478162816,0.38103606108378796,0.3981471464038639,0.0059396080395262355
87,4999.0,0.01222384207823343,1.6116145443154477,0.33298029182337385,0.3093884962587249,-0.2849414596162777,0.07515113543567947,-0.4557901665434997,0.035909851890385765,0.7395338543173441,0.17052026021273325,0.27052563126494034,0.3834619965802076,0.15421998650502136,0.5918144065165182,0.7733727162149227,0.4526089674260087,0.30926769215383043,2.299940802022171e-17,0.023950142189954247,0.10828948967486524,0.44974335293160855,0.3810350700062074,0.3981478795086084,0.0059396080391521345
88,5015.0,0.012223805140820105,1.6116153096995878,0.3329800932881923,0.3093886127014327,-0.28494077847538,0.07515117323480644,-0.4557905656230086,0.03590997099947983,0.7395352203936522,0.17051815298031894,0.27052452695701895,0.3834610652866453,0.1542194617816336,0.5918132502753175,0.7733727494240156,0.4526089761911107,0.30926494525051546,1.5995752679852637e-14,0.023950822400789384,0.10828897996531084,0.4497422634382435,0.3810360309673589,0.3981468601066653,0.0059396080399677035
89,5074.0,0.01222382260981913,1.611614946998495,0.3329803793820506,0.3093885622792216,-0.2849423096560256,0.07515114970159836,-0.4557912173372894,0.035909909831042204,0.7395340081851002,0.17051859304998085,0.2705251789489129,0.3834618539533666,0.15421940341692406,0.5918139192139646,0.7733729466442435,0.4526093614512514,0.3092664023298488,1.261249932901689e-16,0.023950400727369592,0.10828949889042803,0.4497427281008138,0.3810359042619088,0.3981473067619747,0.0059396080393787475
90,5139.0,0.012223824217908493,1.6116149214269893,0.3329800661134292,0.309388550356687,-0.2849404049134854,0.0751511581417533,-0.455789905590964,0.03590991351598271,0.7395348447391505,0.17051946919057676,0.2705249994930631,0.3834613149376565,0.15421993676505166,0.5918137479638821,0.7733726245800018,0.4526087895904505,0.30926624983254275,2.3708603580779757e-14,0.02395053485701846,0.1082890823868067,0.44974285934476776,0.3810354042451544,0.3981473591975752,0.005939608039436622
91,5228.0,0.012223837210134916,1.611614657995686,0.3329803483740235,0.30938851513124666,-0.2849420582401637,0.07515113890328548,-0.4557907924169258,0.035909867136819096,0.7395336962171078,0.17051946496049228,0.27052551851705425,0.3834620299514424,0.1542197776338156,0.5918142723449321,0.7733728770999507,0.4526092842110185,0.3092673786294457,4.2276721430235744e-18,0.023950185951137938,0.10828959261438514,0.44974318563718624,0.38103550826676746,0.3981476334231498,0.005939608039155004
92,5286.0,0.012223818115556149,1.611615041988818,0.3329803524649086,0.30938857657536656,-0.2849422362922125,0.07515115451263049,-0.4557912874917108,0.03590992461136184,0.7395341671138068,0.1705183007131189,0.2705250397488634,0.3834617367642899,0.15421934318890304,0.5918137716519395,0.77337295803616,0.4526093807031034,0.30926606354546937,9.06014946099858e-16,0.02395048383519863,0.10828944120605648,0.4497425964649327,0.3810360436123275,0.39814716805349226,0.00593960803950395
93,5302.0,0.012223832787834234,1.6116147556798617,0.33297963269244496,0.3093885128536451,-0.2849376766539068,0.07515116415323589,-0.4557878798934381,0.03590989928847388,0.739535866423624,0.17052113039623346,0.2705249157785685,0.38346066619689706,0.15422081773680285,0.5918136841560986,0.773372135252994,0.4526079300881604,0.3092664777409417,2.259972165417657e-15,0.0239506222542877,0.10828854652065356,0.4497432361800584,0.3810344956569772,0.3981476090903534,0.00593960803975521
94,5367.0,0.0122238063487634,1.611615293052209,0.3329802424245084,0.30938861336387646,-0.2849418133704708,0.07515116841976313,-0.4557913214535366,0.03590996466814155,0.7395346906062985,0.17051761765595375,0.2705246432618917,0.3834613582541662,0.15421924587576935,0.5918133548849721,0.7733729508000643,0.45260936630594395,0.3092651388348353,9.783116673275394e-15,0.023950724321484904,0.10828923746037493,0.4497422596539609,0.3810363597787129,0.3981468006206778,0.005939608039939493
95,5561.0,0.012223835672932946,1.6116146770859832,0.3329803461670522,0.3093885186378393,-0.2849419058056041,0.07515113940649212,-0.4557906312740429,0.03590987031963129,0.7395338264097107,0.17051962856092107,0.2705254992479636,0.383461996389568,0.15421975396965984,0.5918142615890881,0.7733728226992721,0.45260915417451,0.30926728857275737,2.5743248942922154e-18,0.023950213571943702,0.1082895315837538,0.4497431411749349,0.3810353940181884,0.3981476833390827,0.005939608039163834
96,5593.0,0.012223808822790505,1.611615241223799,0.3329802820929881,0.3093886061764249,-0.2849420197285949,0.07515116510287048,-0.4557914034458664,0.035909955884288317,0.7395345243886932,0.1705176926539345,0.27052473586848985,0.3834614688654027,0.1542192394743757,0.5918134511131445,0.7733729759919488,0.4526094150959144,0.30926534592142385,8.23911220550539e-15,0.02395066522897104,0.10828930839879748,0.4497423268641121,0.3810363345540336,0.39814686755583867,0.0059396080398398925
97,5606.0,0.012223830617766331,1.6116147944846442,0.3329795864238953,0.30938851825903024,-0.2849373399375045,0.07515116705195676,-0.4557876521834438,0.035909906346129554,0.7395360926353862,0.1705212385045441,0.2705248388017317,0.3834605461659013,0.15422084613073525,0.5918136111346228,0.7733720691957112,0.4526077913661826,0.3092662983602513,1.4887989399065928e-15,0.023950681085333585,0.10828844214613548,0.4497431818186801,0.38103441227006657,0.3981476012397579,0.005939608039838232
98,5677.0,0.012223837595965514,1.6116146382785486,0.3329804077244562,0.30938851400568407,-0.2849422796094393,0.0751511360529522,-0.4557908546712033,0.03590986293414074,0.7395335953946027,0.17051956423274187,0.27052558925881115,0.3834621386323125,0.15421969904885513,0.5918143516138763,0.7733728842626477,0.4526092720231649,0.3092674723689794,1.5101617746156683e-16,0.02395015116888877,0.10828963695270093,0.4497431846325533,0.3810354473283116,0.3981477180510345,0.005939608039133326
99,5762.0,0.012122736378119656,1.6583734135034256,0.2595144964283398,0.3237934364564706,0.2146183131735096,0.08509478644887353,-0.10886370510101574,0.04626939362121407,0.8970734046992266,0.2609646777654942,6.781371462741656e-07,0.14910781619873775,0.2297620702809105,0.4758125029679418,0.7390700209567502,0.2648954650640593,0.14504835535992264,0.31676850888835834,1.1401236723071974e-20,0.0029946251720922704,0.3480378904611394,0.32827844227016506,0.4301211449161633,0.006805763908454544
100,5828.0,0.012223842486327088,1.6116145361154552,0.33298031176853304,0.30938849536016655,-0.2849415811540782,0.07515113445426416,-0.4557902429814693,0.035909850210200885,0.7395337858289148,0.17052022707363687,0.2705256550793321,0.3834620386328629,0.15421996367186985,0.5918144293601263,0.773372735907876,0.4526090049798456,0.3092677357600261,1.618299315321317e-17,0.023950125323813333,0.10828952187307064,0.4497433600612332,0.3810350925620385,0.3981478857324395,0.005939608039142588
101,5841.0,0.012223837728347876,1.6116146331277843,0.33298040075557656,0.30938851308314796,-0.28494220404896536,0.0751511359546011,-0.4557907822497063,0.03590986245787133,0.7395336294187169,0.17051964242931292,0.2705255927492854,0.3834621264566445,0.1542197147762191,0.5918143564912206,0.7733728638940189,0.4526092300298108,0.3092674793434759,5.4276332940395835e-18,0.023950152387959958,0.10828961870797166,0.44974319044219896,0.3810354007888076,0.3981477398035464,0.005939608039133003
102,5851.0,0.012223829816394943,1.611614821536162,0.3329794374019183,0.3093885184175724,-0.28493654371547456,0.07515117282163797,-0.4557871901984678,0.03590991383481884,0.7395364756648956,0.1705213985436134,0.2705247004224641,0.3834602681432575,0.15422105989939114,0.5918134677027077,0.7733719591533051,0.4526076119425796,0.3092661051919262,3.2150455181444284e-15,0.02395076795166373,0.10828826069309763,0.4497431946710097,0.38103431699015694,0.39814753160076655,0.0059396080400504715
103,5853.0,0.01222381261754937,1.6116151572956308,0.3329802656043897,0.3093885926708668,-0.28494179046080903,0.07515116192232485,-0.4557911164103163,0.03590994393215737,0.739534530021009,0.17051812688265414,0.27052483533561683,0.3834614946945681,0.15421935611406382,0.5918135600325062,0.7733729056681601,0.4526092802160452,0.3092656060799792,1.690948945488818e-15,0.023950613715849844,0.10828928722929143,0.4497424491644609,0.3810361048133773,0.3981470176294646,0.005939608039681596
104,5860.0,0.012223833771773062,1.6116147258392088,0.3329797372171793,0.30938851115173094,-0.2849382035112409,0.07515115963188998,-0.4557881575917473,0.035909892468964116,0.7395356025792248,0.17052109092165352,0.27052502803223466,0.38346086677009295,0.1542206789324411,0.5918138020319301,0.7733722000833676,0.4526080293558373,0.3092666464778253,6.649471872558823e-16,0.02395055447106123,0.1082886685849734,0.4497432403527094,0.3810345217139794,0.3981476844397605,0.005939608039631688
105,6017.0,0.012223817213831391,1.6116150705975951,0.3329799282489203,0.309388570384429,-0.28493969071682523,0.0751511684700831,-0.4557896003776605,0.035909939103770966,0.7395353736283641,0.17051928396279833,0.2705247159931098,0.38346095823633397,0.1542199948189472,0.5918134552598581,0.7733725369992919,0.4526086278435753,0.3092656405814705,4.522905787514683e-15,0.023950715322870682,0.10828885461915813,0.4497426785312961,0.3810354619613017,0.39814715812204776,0.005939608039670554
106,6021.0,0.012223828293522991,1.6116148528020626,0.3329794288818701,0.3093885231868928,-0.2849365092932409,0.07515117437441507,-0.4557871998713066,0.035909918723257966,0.7395365353585903,0.17052131964118208,0.27052465512404744,0.3834602289216792,0.15422103889201413,0.5918134206420574,0.7733719584957064,0.45260760789851,0.3092659920411865,3.341133957794628e-15,0.02395079635623508,0.10828823785048396,0.4497431497371258,0.3810343516317659,0.3981474919812593,0.005939608040071161
107,6197.0,0.0122238266472585,1.6116148807535553,0.33297955776028937,0.30938853102767255,-0.2849372702457654,0.07515117158013115,-0.4557877256350577,0.0359099198684502,0.7395362332396209,0.1705209503746615,0.270524707940772,0.3834604342591653,0.15422079869483254,0.5918134715171982,0.7733720834650172,0.452607820909035,0.3092659906055261,1.5496771833245895e-15,0.02395075759668996,0.10828839169935138,0.4497430656279598,0.3810345536337058,0.3981474641490479,0.005939608039895793
108,6297.0,0.012223883607178236,1.6116136573470967,0.3329817620038602,0.3093883922740015,-0.2849497744447708,0.07515105414765078,-0.4557948015191428,0.03590968429475905,0.7395288144624801,0.1705194953513965,0.2705277461477319,0.3834652898114401,0.15421859641866306,0.5918165518118068,0.7733739424755273,0.4526112193247422,0.3092718296112157,3.633565662904496e-15,0.023948742189239102,0.10829177756383956,0.4497442498157987,0.3810358221925916,0.3981489613836655,0.005939608040233882
109,6425.0,0.012223829626376321,1.6116148084769688,0.33298021318109045,0.3093885359440316,-0.284941236860222,0.07515114896606462,-0.4557903510897385,0.035909893104195616,0.7395343036531116,0.1705194509024176,0.2705252414873661,0.38346166408446203,0.1542198252239199,0.5918139930527263,0.7733727455057937,0.4526090177581004,0.3092667478062378,2.976737730251649e-16,0.023950374679548414,0.10828932519764363,0.4497429878889168,0.3810354554261477,0.3981474918270749,0.005939608039281143
110,6441.0,0.012223840007654859,1.6116145815145282,0.33298080964954546,0.309388514997269,-0.2849446976519397,0.07515112160499837,-0.4557924379919167,0.035909844865664814,0.7395324022455835,0.17051869302072872,0.2705259313053373,0.3834629005211698,0.1542191146460959,0.5918146868675742,0.7733732834913054,0.4526099935739076,0.30926797681489804,1.7220327553853892e-16,0.02394990819514654,0.10829021070673066,0.4497431527117663,0.3810359750142551,0.39814775346631737,0.005939608039152799
111,6448.0,0.012223832470528677,1.6116147531311713,0.3329796835363562,0.3093885141739217,-0.2849378885204629,0.07515116237373823,-0.4557879707770217,0.035909897831802456,0.7395357866170857,0.1705211479593787,0.2705249576767894,0.38346074960292104,0.15422073504245093,0.5918137314949816,0.773372150817553,0.4526079377079571,0.30926651155725743,7.795580776172628e-16,0.02395060228608466,0.10828858385984012,0.44974321446143,0.3810344784772636,0.3981476557976652,0.005939608039703313
112,6591.0,0.012223835954412806,1.611614675259062,0.3329803324538522,0.30938851784106225,-0.28494186746304084,0.07515113985124394,-0.4557906273171814,0.03590987035494081,0.7395338310068011,0.1705196016196802,0.27052549080765553,0.38346197732215614,0.15421977998946132,0.5918142496232144,0.7733728256330592,0.4526091690602268,0.30926729103703576,3.733448933335351e-18,0.023950214642372618,0.10828952893136573,0.4497431520639736,0.3810354137208959,0.3981476635123584,0.005939608039166486
113,6613.0,0.012223840849685324,1.6116145751812558,0.3329802550222869,0.3093885000942298,-0.28494131856967303,0.07515113802507475,-0.4557901374707917,0.03590985721099977,0.7395339480214688,0.1705201607640324,0.2705255650148309,0.3834619141552568,0.1542200144960068,0.5918143352749138,0.7733727120642631,0.452608970106409,0.3092675693653947,6.958630328516577e-17,0.023950178780035254,0.10828945051496636,0.44974332442402654,0.3810351224996266,0.3981478107540897,0.005939608039168271
114,6644.0,0.012223829667867187,1.6116148094490048,0.33297973505830764,0.30938852442366716,-0.2849382326993014,0.07515116314421594,-0.4557882635539427,0.035909905002660496,0.7395357076106159,0.17052083266983778,0.2705249204598709,0.3834607988875511,0.15422058931370086,0.5918136903604869,0.7733722180562813,0.4526080527786707,0.3092663594193604,3.733899665406709e-16,0.023950621263421342,0.10828863457795868,0.44974311444312703,0.3810346420106411,0.3981475792322017,0.005939608039654631
115,6651.0,0.012223828551861445,1.6116148220488842,0.33298040581263744,0.3093885431238472,-0.28494236126387523,0.07515114360192471,-0.4557910998209821,0.035909890568334726,0.739533817919533,0.1705189864488922,0.2705253561904699,0.3834619929381785,0.1542194977803595,0.5918141064134771,0.7733729258573803,0.4526093282477265,0.3092668421682629,1.0054963765928215e-17,0.02395029452381314,0.1082895663982418,0.4497429057361684,0.3810357169354089,0.398147485229318,0.0059396080392486224
116,6659.0,0.012223830080173128,1.6116148070131529,0.3329797627692017,0.30938852449430343,-0.2849384799099593,0.07515116242870729,-0.4557884702817581,0.03590990376741909,0.7395355729037473,0.1705206518551443,0.2705249385992028,0.3834608587994531,0.15422055063794746,0.591813703661256,0.7733722767665479,0.452608174329453,0.309266402031261,3.0155954586330397e-15,0.02395059977808793,0.10828870095345608,0.4497431191996813,0.38103475497736894,0.3981475406414852,0.005939608039612171
117,6830.0,0.012223839426329713,1.611614601577683,0.33298010340996004,0.3093885006163739,-0.28494033663713864,0.07515114340426729,-0.4557894606273433,0.035909865045575064,0.7395344530672796,0.1705205775341345,0.2705254319050707,0.3834616148150337,0.1542202257450076,0.5918142083700678,0.7733725339801909,0.4526086341284317,0.3092673494160375,9.660878429026976e-18,0.023950280728280624,0.10828920765033316,0.44974332008659984,0.3810348637781187,0.3981478260652532,0.005939608039267701
118,6987.0,0.012223834333284335,1.6116147184212477,0.3329798067879891,0.3093885114482683,-0.2849386870401394,0.0751511573551755,-0.4557885114841045,0.035909889592808567,0.7395353555118347,0.17052083869484425,0.27052508164327266,0.3834610030334008,0.15422057769535344,0.5918138499272814,0.773372293910207,0.4526082116634719,0.309266735232441,1.297720720004441e-16,0.02395050913054051,0.10828878898743947,0.4497432381625598,0.3810346764095691,0.3981476557814617,0.005939608039541105
119,7014.0,0.01222382550312102,1.6116149128882509,0.3329792556369832,0.3093885283858205,-0.2849354849901717,0.0751511820347443,-0.4557865663583333,0.035909931920717245,0.7395370914907622,0.17052158143394192,0.2705244619716668,0.3834598728031138,0.1542212508342496,0.5918132281645458,0.7733717945171953,0.4526073078199704,0.30926565243745513,9.409812242906722e-15,0.023950929312490137,0.10828797712021307,0.4497431086738133,0.3810341771421333,0.39814743130241176,0.005939608040385336
120,7031.0,0.012223803825346055,1.6116153480666735,0.3329802244407371,0.30938862160365754,-0.2849417760068182,0.07515117138690189,-0.4557913756398608,0.035909973231058136,0.7395347757428737,0.17051742624186678,0.27052455984084256,0.38346128838260624,0.15421921558469695,0.5918132660986487,0.7733729629026688,0.4526093908107394,0.3092649444175422,1.5869433607227544e-14,0.023950772453922912,0.10828920705997884,0.4497421859918218,0.3810364549335724,0.3981467108840226,0.005939608040058048
121,7057.0,0.01222386383769576,1.6116140845340434,0.33298091029799165,0.3093884387363764,-0.2849449158029096,0.07515109770013717,-0.4557919998532794,0.035909768308202306,0.7395316304427579,0.17052021071152298,0.27052662898470803,0.38346345009935534,0.15421949773996746,0.5918154242784625,0.7733732124580421,0.4526098887594712,0.3092697297097676,4.175925850854273e-18,0.02394948750900598,0.1082904854221688,0.44974386328158905,0.3810352600600364,0.3981484438628029,0.005939608039220368
122,7108.0,0.012223839327616554,1.611614606790336,0.332980119030133,0.30938850166883125,-0.2849404810927404,0.07515114325503305,-0.4557895883904676,0.03590986535523726,0.7395343836960656,0.17052045164204932,0.27052543503732857,0.3834616431182932,0.15422019719863386,0.5918142066880456,0.7733725691888559,0.4526087063863413,0.30926735097658953,1.6166645520804468e-16,0.02395027206850174,0.108289243294037,0.4497433128239333,0.3810349391594769,0.3981477948747553,0.005939608039252903
123,7229.0,0.01222384160053266,1.611614559585185,0.3329803083814223,0.3093884988463552,-0.28494164521538445,0.07515113575473878,-0.4557903483550214,0.035909853666802244,0.7395337732808538,0.1705200549272794,0.2705256212539185,0.3834620215748165,0.15421994653532628,0.5918143885176178,0.7733727664154455,0.4526090714995376,0.30926766472134104,2.4609979045051748e-17,0.02395013810266409,0.10828953300453152,0.4497433328013396,0.3810351902239045,0.39814782027315004,0.005939608039142364
124,7266.0,0.012223831710535982,1.6116147636493112,0.3329804011370674,0.30938853350146733,-0.2849423735048995,0.0751511415339256,-0.4557910844151477,0.03590988181370007,0.7395337139045959,0.17051907994933374,0.27052542331177826,0.3834620367888649,0.15421957283971555,0.5918141730548754,0.7733729341724126,0.4526093630279711,0.30926704919705816,1.9751977840998788e-16,0.02395024643874639,0.10828960547652856,0.4497430030071641,0.3810356893626977,0.39814752461133773,0.005939608039205706
125,7297.0,0.012223843097850651,1.6116145253129608,0.3329803270322381,0.3093884940316388,-0.28494169393935764,0.07515113367925874,-0.4557903214123846,0.035909848097437434,0.7395337131497526,0.17052018540097885,0.2705256775494341,0.3834620775793722,0.1542199521541542,0.5918144517078169,0.7733727594168656,0.4526090526255983,0.3092677892822936,8.101649074423949e-18,0.02395010797353989,0.10828955538272944,0.44974337523971536,0.3810351232605511,0.3981478861032415,0.00593960803913421
126,7302.0,0.01222384140092512,1.6116145583861656,0.3329802541094023,0.30938849763581655,-0.2849412335064781,0.07515113718805536,-0.4557900254988636,0.03590985493050965,0.7395339787615806,0.1705203193481481,0.2705255885965796,0.3834619177611867,0.15422003159691974,0.5918143637502391,0.7733726797622212,0.4526088993715183,0.3092676146492226,3.988683157682776e-17,0.02395017154135333,0.10828943080740057,0.4497433414769694,0.3810350299513081,0.3981478667959247,0.005939608039171465
127,7328.0,0.012223818877676587,1.6116150299939478,0.332980364452849,0.30938857479270065,-0.2849423469547013,0.07515115374776632,-0.4557913730601282,0.03590992246130253,0.7395340894887429,0.17051824296060505,0.2705250605781257,0.38346177182094776,0.15421933869119844,0.5918137904533933,0.7733729840195525,0.4526094376819079,0.3092661204605067,3.8624963292408056e-16,0.023950465759527653,0.10828947717180999,0.4497426158315364,0.3810360850763609,0.3981471603091805,0.005939608039491998
128,7331.0,0.012223838610475931,1.6116146199462857,0.33298002602393983,0.3093885016486342,-0.28493988168052825,0.07515114655199293,-0.4557891740863647,0.035909869667174917,0.7395346865904493,0.17052071132350358,0.2705253570075319,0.3834614626499085,0.15422033050815234,0.5918141330565523,0.7733724617587282,0.4526085037741275,0.3092672281112486,8.39206257042807e-18,0.02395033182343221,0.10828909621117644,0.4497433147270281,0.3810347794518855,0.3981478061272809,0.00593960803932835
129,7335.0,0.012223807720578536,1.6116152735293583,0.3329796879130121,0.30938859649268247,-0.2849383933816889,0.07515118421662928,-0.4557889613838193,0.035909975085096184,0.7395362440851996,0.17051917830323518,0.27052429498207703,0.3834603788534109,0.15422015871798814,0.5918130246954894,0.7733723629362367,0.452608307672882,0.3092647714366433,2.2589350527674022e-15,0.023950987592717733,0.10828847017564032,0.4497424477904987,0.3810354551576469,0.3981468919996316,0.00593960804012555
130,7403.0,0.012223832840127112,1.6116147454429506,0.3329797137154812,0.30938851367848497,-0.28493806972307023,0.07515116113750642,-0.4557880866405788,0.035909895959281256,0.7395356920569892,0.17052109145655658,0.27052498671239683,0.3834608098094066,0.15422069459758886,0.5918137610085152,0.7733721803059455,0.4526079918676715,0.3092665612424085,5.498176459246447e-16,0.023950582375205,0.10828862880663624,0.4497432175720578,0.38103451425603213,0.39814766211056624,0.005939608039663778
131,7475.0,0.012223829240928841,1.6116148213753596,0.33297938777473113,0.30938851755633756,-0.2849360800689293,0.07515117381727424,-0.4557867915712119,0.03590991563297073,0.7395367236225039,0.17052176029167376,0.27052467216136045,0.3834601615368853,0.15422113195444542,0.5918134495306054,0.7733718451688912,0.4526073746519645,0.30926603997469765,1.0450276761394657e-14,0.023950806384293484,0.10828813649366076,0.4497431882068282,0.3810340915772132,0.39814761430917855,0.005939608040167423
132,7476.0,0.012223835389391586,1.6116146827812143,0.3329805379909938,0.3093885241760894,-0.2849431199188644,0.07515113395912296,-0.4557914841259546,0.03590986647983999,0.7395332662357207,0.1705190457644731,0.27052561932209473,0.3834623394244656,0.15421944052023567,0.5918143738617908,0.7733730377880321,0.4526095480406509,0.309267424284266,3.805213992192753e-20,0.02395011969638655,0.1082898083317222,0.4497430815356624,0.3810357351174511,0.39814763759136496,0.005939608039147449
133,7485.0,0.012223835739217159,1.6116146753562175,0.3329803500063204,0.3093885183584205,-0.28494192229250603,0.07515113912070329,-0.4557906377928891,0.03590987006643229,0.7395338176539508,0.17051963118313118,0.2705255045274021,0.3834620031996676,0.15421974932668722,0.5918142659132326,0.7733728231618374,0.4526091546684695,0.3092672954931391,9.401300790080756e-18,0.023950210382337488,0.10828953574868846,0.4497431415984597,0.3810353923466253,0.3981476875659765,0.0059396080391623035
134,7575.0,0.012223840925904663,1.6116145739304253,0.3329802469972334,0.30938849962872683,-0.28494126968150485,0.07515113817200675,-0.4557901034216749,0.03590985726818949,0.7395339685137341,0.17052018382550896,0.2705255615074485,0.3834619003281123,0.15422002887689185,0.5918143310284497,0.7733727033433714,0.4526089550756141,0.3092675669964444,7.002046705643594e-17,0.023950181207169942,0.10828944021963803,0.449743328407363,0.3810351093646096,0.3981478123713398,0.005939608039172043
135,7664.0,0.012223833227504515,1.6116147289654412,0.3329804677747966,0.30938852975543885,-0.2849427294881018,0.07515113802457077,-0.4557912736695322,0.03590987511787184,0.7395335080454496,0.17051906223652644,0.2705255139240329,0.3834621790011583,0.15421950296628062,0.5918142652887206,0.7733729819793038,0.4526094457771736,0.30926721403935586,1.6936461890535608e-17,0.02395018822958211,0.10828969886092073,0.44974303225818457,0.3810357094267324,0.39814757821649394,0.005939608039176396
136,7741.0,0.012223809115246159,1.6116152439801203,0.3329796924847368,0.3093885919842299,-0.28493839429179857,0.07515118286411426,-0.4557889252499493,0.035909970556540716,0.7395362044603192,0.17051927780402848,0.2705243358720447,0.3834604087411676,0.1542201837724237,0.5918130682749981,0.7733723561839024,0.452608295995424,0.30926487433776684,1.623271650693536e-13,0.023950963332041896,0.10828848325429803,0.4497424900299444,0.3810354069657747,0.3981469349969598,0.005939608040077185
137,7778.0,0.012223858772221777,1.6116141922980316,0.332980880486455,0.3093884549830457,-0.2849448454313419,0.07515110318385881,-0.4557920924864541,0.03590978506512713,0.7395318027454577,0.17051986483448556,0.27052647210394226,0.38346331884268703,0.1542194289020765,0.5918152564311134,0.7733732293530792,0.4526099196085472,0.30926934729075023,1.9795869006221428e-17,0.023949579673062448,0.10829042362130027,0.4497437141433336,0.3810354268423096,0.3981482820101911,0.005939608039152639
138,7817.0,0.012223812739677636,1.6116151606254152,0.3329803116432545,0.3093885939870126,-0.28494215208903995,0.0751511607999735,-0.4557914069792647,0.03590994320308371,0.7395343508310049,0.17051787846175864,0.2705248582978089,0.38346158231966815,0.154219281215795,0.5918135765052704,0.7733729837469611,0.4526094366211092,0.3092656420947108,2.6204764676265287e-15,0.023950587778579103,0.10828937701333444,0.4497424394985991,0.3810362548404481,0.3981469696142644,0.005939608039697513
139,7875.0,0.01222383524108478,1.6116146891243883,0.3329803411085901,0.3093885202718643,-0.2849419210767336,0.07515114013625379,-0.4557906748685073,0.03590987219592354,0.7395338274916299,0.17051954457256807,0.2705254796512557,0.3834619817068268,0.15421975060669016,0.5918142378149245,0.7733728355236771,0.4526091842025541,0.3092672495442231,1.2383536334118023e-16,0.023950221401318403,0.10828953382005624,0.4497431284639406,0.3810354417095679,0.3981476485571848,0.00593960803917052
140,7920.0,0.012223844191384215,1.6116145004900462,0.3329802717924299,0.3093884888579245,-0.2849412988635189,0.07515113421150432,-0.4557900035461448,0.035909845869917474,0.7395338696942435,0.17052047496043574,0.2705256735730706,0.3834619927922697,0.15422006667089022,0.5918144529591406,0.773372678865248,0.4526089012460564,0.30926782383630996,4.175870360895931e-19,0.023950119485906755,0.10828947239840253,0.4497434229912635,0.3810349593290649,0.3981479448395953,0.005939608039163472
141,7985.0,0.01222383090055274,1.6116147805713918,0.33297979723253324,0.309388521402418,-0.2849385616713697,0.07515115993278232,-0.4557884391956874,0.03590989925701652,0.7395355233635114,0.1705208125500927,0.27052499984631395,0.3834609288124943,0.15422051964432462,0.5918137723445404,0.773372261157192,0.45260812652358795,0.3092665001489291,4.1294798298700383e-16,0.023950571350569598,0.1082887194659375,0.44974313692462986,0.3810346614984008,0.3981476275114853,0.005939608039579997
142,8012.0,0.012223839771874292,1.6116145975399077,0.3329801498476029,0.3093885010259341,-0.2849406665394066,0.07515114200075734,-0.455789705951311,0.03590986322653249,0.7395342845159878,0.1705203969338773,0.27052546660524224,0.3834617058978792,0.15422015767874664,0.5918142387982794,0.7733725999390949,0.4526087623699974,0.30926740720682433,1.2934997338668442e-16,0.02395025019992259,0.10828928955325286,0.4497433177418724,0.3810349744323955,0.398147802663184,0.005939608039231291
143,8023.0,0.012223811787726186,1.6116151777806105,0.33298030808644874,0.30938859675494623,-0.2849421117058304,0.07515116156865148,-0.4557913829259474,0.03590994586721475,0.7395343997824401,0.17051787448015773,0.2705248351186042,0.3834615603846205,0.15421926676738978,0.5918135548704235,0.7733729739150912,0.452609411507189,0.3092655769124364,4.726526074669714e-15,0.02395060542126898,0.10828935632114127,0.4497424119380529,0.38103624890334653,0.39814696213004463,0.0059396080397229436
144,8227.0,0.012223841533570977,1.6116145573071097,0.3329802324870146,0.3093884967769288,-0.2849411171415155,0.07515113776784998,-0.4557899537760942,0.035909855300811915,0.7395340274346383,0.17052035498595342,0.27052557504958225,0.3834618810687891,0.15422006826204632,0.5918143488224302,0.7733726628713571,0.4526088729055078,0.30926760329450736,3.224157599878825e-17,0.023950179771369415,0.1082894072786045,0.4497433510375386,0.3810350108400644,0.3981478619191433,0.005939608039181761
145,8229.0,0.012223833517972793,1.6116147253957611,0.3329804273277122,0.3093885280767965,-0.28494249771394603,0.07515113910416965,-0.4557911211598783,0.035909875441308615,0.7395336063451918,0.17051915648845234,0.2705254894550157,0.3834621118987296,0.1542195724059675,0.5918142426682769,0.7733729456115532,0.4526093847514028,0.3092671977047245,8.218308283895531e-17,0.02395020569926665,0.10828965070911127,0.44974305268295506,0.3810356576732927,0.3981475788075069,0.005939608039176613
146,8321.0,0.012223841475893999,1.61161456195933,0.3329802950581441,0.309388498963608,-0.2849415600993797,0.07515113627920209,-0.4557902901965419,0.035909854336420736,0.7395338169253429,0.1705200902042354,0.2705256094708054,0.38346199556569976,0.15421996518474182,0.5918143775685077,0.7733727516411083,0.4526090432866672,0.3092676458120692,3.299721238989124e-17,0.023950146973474726,0.10828951175486456,0.4497433323398209,0.3810351683777213,0.3981478211481669,0.005939608039148354
147,8341.0,0.012223800401575405,1.6116154279835644,0.3329801418730913,0.3093886317738952,-0.2849414205465697,0.07515117732795976,-0.4557912723823617,0.035909986994739226,0.7395350290722789,0.1705172319569177,0.2705243985843786,0.3834610897405612,0.15421926385376636,0.5918130949567486,0.7733729373593385,0.4526093593808757,0.30926462337193,5.465040229747982e-14,0.02395086738797669,0.10828910093086117,0.4497421007723809,0.3810365478989515,0.3981465641068026,0.005939608040248579
148,8444.0,0.01222384176025685,1.6116145557813284,0.3329803189680479,0.3093884986084236,-0.2849417022733928,0.07515113532566478,-0.4557903801725909,0.035909852782683445,0.7395337429377846,0.1705200487304681,0.2705256328913223,0.3834620435749541,0.1542199334193986,0.5918144018989817,0.7733727748011306,0.4526090853991753,0.3092676858043416,1.8600242521851745e-17,0.02395013108453533,0.10828954693372077,0.4497433353431347,0.3810351949777167,0.3981478272923491,0.0059396080391378595
149,8447.0,0.01222384011010034,1.6116145885144466,0.3329801178381934,0.309388498943477,-0.2849404367708796,0.07515114255619157,-0.4557895247720173,0.03590986272261281,0.7395343840478379,0.17052055337487645,0.2705254584669534,0.3834616522490405,0.1542202183268483,0.5918142331442388,0.7733725535388261,0.4526086735850857,0.3092674086441567,5.7746386305296244e-18,0.02395026046078908,0.1082892381423718,0.4497433368471296,0.3810348838959164,0.39814783179878493,0.005939608039254627
150,8662.0,0.01222380944457107,1.6116152427666417,0.3329796790826272,0.30938859119174394,-0.28493837823063506,0.07515118335024154,-0.4557889475545496,0.03590997065153383,0.7395361952521059,0.17051921836323675,0.2705243268780653,0.38346039145819816,0.15422020985312646,0.5918130533561671,0.7733723670688241,0.4526083293982952,0.30926487785171464,2.169620254211386e-14,0.023950962029787564,0.1082884877599242,0.4497425021139547,0.3810354469681263,0.3981469043673616,0.005939608040086681
151,8664.0,0.012223836775069805,1.611614657306366,0.3329804837081458,0.3093885187008112,-0.28494279867718386,0.0751511346086948,-0.4557912512261049,0.03590986398074812,0.7395333729035934,0.17051923480235145,0.27052561402273395,0.38346226385067894,0.15421955704420173,0.5918143695033126,0.7733729843425183,0.4526094592001455,0.30926747250888553,9.678273394412572e-19,0.023950124850289252,0.1082897504426002,0.4497431375897844,0.3810356357492076,0.3981476633033448,0.005939608039133955
152,8668.0,0.01222383846143753,1.6116146194812269,0.33298042308964904,0.3093885114765867,-0.2849423525760297,0.07515113482023386,-0.455790879012693,0.035909859763546034,0.7395335375814492,0.1705195997446041,0.2705256234114891,0.3834621797100706,0.15421969460471247,0.5918143877559436,0.7733728916478775,0.4526092844371287,0.3092675470483294,2.284312434087636e-18,0.02395013026186821,0.10828966105325293,0.4497432073228749,0.38103543263407935,0.39814774601664815,0.005939608039123486
153,8683.0,0.01222380484469692,1.61161532322151,0.33297966759207953,0.30938860430520554,-0.28493818591973363,0.07515118663480522,-0.4557888150418228,0.035909983184323604,0.7395364341927047,0.17051923480148592,0.2705242241938666,0.3834602932046643,0.15422013228980547,0.5918129578007011,0.7733723125228242,0.4526081899116984,0.3092645691521647,4.5586043762856784e-14,0.023951043755237874,0.10828838656236107,0.4497423667253861,0.38103539541894893,0.39814688521224173,0.0059396080402232595
154,8705.0,0.01222384369476067,1.6116145111909252,0.33298032382806386,0.30938849170885074,-0.2849416408742385,0.07515113307218918,-0.4557902572599868,0.035909846201092464,0.7395337232455794,0.1705202756408865,0.2705256947782314,0.3834620792814495,0.15421997199077395,0.5918144700985984,0.7733727420328295,0.4526090179867102,0.3092678301062775,1.3313180108116178e-19,0.02395009988118011,0.10828954721128073,0.4497433940410573,0.3810350732552951,0.3981479167525743,0.005939608039136846
155,8751.0,0.012223835046212876,1.6116146909502882,0.3329801073306148,0.30938851490233465,-0.2849404143706853,0.07515114697296793,-0.4557896100205153,0.035909878337920566,0.7395345418602114,0.1705202714430135,0.2705253222389493,0.3834615534359736,0.15422012082700848,0.591814091476385,0.7733725627337099,0.4526086780974374,0.3092670483063897,8.416077877317301e-16,0.023950346445116642,0.1082891827693784,0.4497431839501222,0.3810350103600448,0.39814770837390817,0.00593960803928093
156,8781.0,0.01222383782694231,1.6116146310096608,0.332980401466856,0.30938851278580765,-0.2849422056473713,0.07515113585364783,-0.4557907802576984,0.03590986210107295,0.7395336261907371,0.17051964995184365,0.27052559582738506,0.3834621294238542,0.1542197158736203,0.5918143601332085,0.7733728636984291,0.452609229273766,0.3092674870147237,4.812710516754063e-18,0.02395015078198848,0.10828961994171356,0.44974319344276703,0.3810353972417093,0.3981477434686311,0.005939608039132071
157,8842.0,0.012223840925446587,1.6116145709400582,0.3329801764191831,0.3093884975504623,-0.28494078256211985,0.0751511400189124,-0.4557897405649842,0.03590985863666793,0.7395342007768542,0.17052045938981025,0.2705255195857003,0.3834617708792706,0.1542201433442129,0.5918142948360658,0.7733726084595773,0.4526087739773532,0.3092675136799537,3.872521272141848e-17,0.023950218770231117,0.1082893251497581,0.44974334743658784,0.3810349453442117,0.3981478502048481,0.005939608039215115
158,8916.0,0.012223837286938198,1.6116146445095,0.3329803853516132,0.30938851439605886,-0.2849421407185392,0.07515113692486977,-0.4557907638695663,0.035909864460887765,0.7395336693969304,0.1705196106196307,0.2705255661737918,0.3834620929521325,0.1542197275702346,0.59181432892605,0.7733728601787966,0.4526092273266005,0.3092674323141916,7.864643314324197e-17,0.02395016799612497,0.10828960204478028,0.4497431807864827,0.3810354174245184,0.3981477147107384,0.005939608039140517
159,8924.0,0.012223840973241312,1.6116145729865428,0.332980248731395,0.30938849949138353,-0.2849412786461411,0.07515113805428061,-0.4557901080220307,0.03590985708685629,0.7395339634284773,0.1705201837211626,0.2705255632239484,0.3834619041890811,0.15422002671536725,0.5918143333872494,0.7733727043451059,0.4526089568320248,0.3092675711620462,6.88466088775686e-17,0.023950180592816384,0.10828944280735174,0.4497433293763968,0.38103510978843136,0.3981478140075945,0.0059396080391712035
160,8963.0,0.01222384171069894,1.6116145573911462,0.33298031371980263,0.3093884985991583,-0.28494167564360473,0.07515113547720406,-0.4557903663216045,0.03590985319253767,0.7395337564886822,0.17052004956813116,0.2705256274264933,0.3834620329149984,0.15421994031418726,0.591814395089535,0.7733727707839904,0.4526090797186063,0.3092676761686153,2.206686677282501e-17,0.02395013413027413,0.10828954104270233,0.4497433349888036,0.3810351942223245,0.39814782318181896,0.005939608039140015
161,8973.0,0.012223826592133592,1.6116148939315016,0.33297923434634263,0.3093885246518857,-0.2849353784149431,0.0751511819244709,-0.4557864915632148,0.03590992950863948,0.739537106790452,0.17052164914580634,0.2705244698244141,0.3834598528006105,0.1542213072997329,0.5918132359865921,0.7733717802873757,0.4526072913866239,0.30926570546682164,6.981746436697608e-15,0.02395092318298172,0.10828796661927532,0.44974314789342107,0.3810341475081122,0.3981474410861099,0.005939608040412659
162,9029.0,0.012223840861624759,1.6116145749154376,0.33298024033926804,0.30938849966838455,-0.28494122445956305,0.07515113842259988,-0.4557900709737706,0.03590985756460007,0.7395339918803381,0.17052020623759467,0.2705255558044864,0.3834618873166895,0.15422003820800428,0.5918143262658956,0.7733726948990343,0.4526089387202823,0.3092675579120268,7.363725343181616e-17,0.023950185995103155,0.10828942886946044,0.44974332838265396,0.3810350955518382,0.3981478143922948,0.005939608039175758
163,9039.0,0.01222383329931484,1.6116147354677215,0.3329803098456293,0.3093885267162022,-0.2849418321889614,0.07515114325055314,-0.4557907025959057,0.03590987967700004,0.7395339167077413,0.17051936653187014,0.2705253959599083,0.3834618986101845,0.15421975232554802,0.5918141487927928,0.7733728450087759,0.4526092116740586,0.3092670799837666,4.8803118391138446e-17,0.023950267890328825,0.1082894999821977,0.4497430757752391,0.3810355350586449,0.3981475544328485,0.005939608039203704
164,9064.0,0.012223820172421688,1.6116149955913814,0.3329801419980733,0.3093885642783426,-0.2849408196783347,0.07515115865076039,-0.4557902197240026,0.0359099229425253,0.7395347779577162,0.1705191609927438,0.2705249601069203,0.3834613851345239,0.1542197285072698,0.5918137081311075,0.7733726875871296,0.4526088779993821,0.3092660416293358,3.1200855279648073e-16,0.0239505622094814,0.10828913064725884,0.4497427160968605,0.3810355501056365,0.3981473008639271,0.0059396080394765426
165,9082.0,0.012223817021001308,1.6116150493739678,0.3329799348813901,0.30938856817099947,-0.2849394080886929,0.07515116659840407,-0.4557892243907462,0.03590993639310814,0.7395355429458466,0.17051979143942406,0.2705247600043306,0.3834609548677493,0.15421999473722786,0.591813520423994,0.7733724188070582,0.4526083548513454,0.30926566888763,1.137467805247221e-14,0.02395072058700825,0.10828876500199676,0.4497426748872093,0.3810351484526949,0.3981473390631264,0.0059396080396521295
166,9099.0,0.0122238365788806,1.611614668419686,0.3329799226342829,0.3093885064927844,-0.2849393399907763,0.07515115175869971,-0.455788889233978,0.035909879297236366,0.7395349905509884,0.1705207348930315,0.2705252232414844,0.3834612467441871,0.15422044551539454,0.5918139948035758,0.7733723909113648,0.4526083850871683,0.30926699193842977,8.152371369752665e-17,0.02395041605197419,0.1082889579751813,0.4497432784040612,0.38103475338540893,0.3981477226486093,0.005939608039418186
167,9155.0,0.01222382895646661,1.6116148276883406,0.3329796791184064,0.30938852577378806,-0.28493793668800715,0.07515116563896046,-0.4557880997861478,0.03590990900911845,0.7395358618934015,0.17052086923998575,0.27052485934631443,0.38346068799545613,0.1542206609747851,0.5918136261563887,0.7733721782852446,0.4526079871707849,0.30926625915740685,2.287147147358559e-16,0.023950659175948748,0.10828856311531647,0.4497431070958928,0.3810346169687097,0.398147543549364,0.005939608039723127
168,9290.0,0.012223816743799984,1.6116150910847584,0.3329798290471704,0.3093885709382379,-0.2849392077834031,0.07515117267078408,-0.4557893508066617,0.035909944177220224,0.7395356005993748,0.1705193187900262,0.2705246187296555,0.38346077735543743,0.154220136574236,0.5918133538550588,0.7733724832699989,0.4526085513925866,0.30926551255071777,3.8416953782347585e-14,0.02395077202330056,0.1082887483497262,0.449742689676257,0.38103544392807137,0.39814708722322656,0.005939608039761916
169,9297.0,0.012223807630267544,1.6116152628950324,0.3329802258743253,0.3093886084201093,-0.2849416444353263,0.07515116761431531,-0.4557911479847898,0.0359099605963544,0.7395347372581565,0.1705178352105782,0.2705246728527517,0.3834613468565005,0.15421930417862392,0.5918133904936854,0.7733729067472157,0.4526092794688975,0.3092652216052674,1.4433338018363432e-14,0.023950712878740368,0.108289207498755,0.4497423048083621,0.38103623973556816,0.3981468667283532,0.005939608039873078
170,9307.0,0.01222383720586525,1.6116146486855754,0.3329802521701777,0.309388511658805,-0.2849413296647117,0.0751511410437819,-0.45579021639414297,0.03590986836681595,0.7395340488773624,0.17051994733693449,0.2705254709595596,0.3834618509039915,0.15421993696576008,0.5918142362697911,0.7733727228289019,0.4526089805421698,0.3092673138714361,1.3858682979178207e-16,0.02395023758414638,0.10828941652316837,0.4497432123984448,0.3810352192477889,0.3981477219955091,0.005939608039186031
171,9339.0,0.012223816014564369,1.6116150869812569,0.3329803422226026,0.30938858335518354,-0.2849422189115676,0.0751511566879405,-0.4557913336987079,0.035909931511168135,0.7395342341528368,0.17051815326524553,0.270524974315116,0.3834616864671283,0.15421931026199526,0.5918137033848075,0.7733729664987375,0.4526093962489294,0.3092659052952339,1.6741890501549726e-15,0.023950523222997618,0.1082894184457892,0.4497425344343692,0.3810361152440612,0.39814710134156056,0.005939608039571075
172,9359.0,0.012223806376205184,1.6116152833371171,0.3329801053918665,0.30938860885458935,-0.2849408280402197,0.07515117176834718,-0.4557905664848964,0.035909966752255384,0.7395351627537039,0.1705182211253331,0.2705245690802811,0.3834611062586184,0.1542194712829699,0.5918132945229256,0.773372751517103,0.4526089805818227,0.30926504318732345,1.2303114370631429e-14,0.02395079663601941,0.10828900282732733,0.4497422991265427,0.3810360000683793,0.3981468978095603,0.005939608039914854
173,9400.0,0.01222383069447355,1.6116147933096745,0.33297959162216595,0.3093885179988758,-0.2849373737726519,0.07515116671801358,-0.4557876757656165,0.03590990611599766,0.7395360749657984,0.17052122293280245,0.27052484384455616,0.3834605558966036,0.15422083901058314,0.5918136146070754,0.7733720741605699,0.4526078022747424,0.30926630543894845,1.479080060696219e-15,0.023950677135487677,0.10828845147503184,0.4497431825551741,0.3810344218927626,0.39814760032205415,0.005939608039830683
174,9458.0,0.012223848051698577,1.6116144496245453,0.3329794359737261,0.30938845920232083,-0.2849363289362111,0.07515115751251134,-0.4557866518652186,0.0359098583103405,0.7395360514767194,0.17052260315101034,0.27052516777306684,0.3834605504398353,0.15422147381972107,0.5918139597555226,0.773371861434101,0.452607471448292,0.3092673715230141,2.1146343277111866e-15,0.02395048306763793,0.10828839056687656,0.4497437567731348,0.3810337482547615,0.3981480101041912,0.005939608040159568
175,9483.0,0.012223818278708958,1.6116150437073382,0.3329803629846728,0.3093885768630865,-0.2849423629750693,0.07515115438884323,-0.4557914074655566,0.035909924504797464,0.7395340975777474,0.17051817690877888,0.2705250415402341,0.3834617605256864,0.15421932659947696,0.5918137694216294,0.7733729926766991,0.4526094554516069,0.3092660752815081,9.4194837393347e-16,0.023950475713311124,0.1082894763216148,0.4497425976515547,0.381036120215725,0.3981471342995864,0.005939608039513065
176,9534.0,0.012223835866559002,1.611614685138944,0.3329798418105566,0.3093885071351673,-0.2849388661976394,0.07515115492716931,-0.4557885897851676,0.03590988374011212,0.7395352299002385,0.1705208786120852,0.2705251474436859,0.3834610901963039,0.15422055750322078,0.5918139191461252,0.7733723157713571,0.45260825035563595,0.3092668739017751,1.7212058046304954e-16,0.023950468034047642,0.108288843646795,0.44974327714349577,0.3810346641849581,0.3981477037185977,0.0059396080395004314
177,9610.0,0.012223834882567472,1.6116147008321402,0.3329798220310796,0.3093885092651696,-0.2849386940151571,0.07515115596915442,-0.4557884581548057,0.035909886690547115,0.7395353446840233,0.17052096793576466,0.2705251162580438,0.3834610367593646,0.15422056922780006,0.5918138915803772,0.773372275903101,0.4526081655617887,0.30926679522977785,1.745960836906889e-16,0.023950495378641568,0.10828879053446328,0.4497432529353468,0.3810346016211327,0.3981477152198672,0.0059396080395321404
178,9740.0,0.012223817482517024,1.6116150597461465,0.33298035270572274,0.309388579158671,-0.2849423039350063,0.07515115533494224,-0.4557913815571511,0.035909927134724934,0.7395341486292833,0.1705181602267959,0.2705250143487149,0.3834617295595698,0.15421932508564135,0.5918137422733799,0.7733729841339215,0.4526094377364156,0.3092660118347834,5.984132747072612e-16,0.023950493981226933,0.10828945487780757,0.44974257626552017,0.3810361238709452,0.3981471173661717,0.0059396080395349785
179,9771.0,0.012223836517516705,1.6116146587529807,0.33298037174154205,0.30938851638838544,-0.28494204243076315,0.07515113785685129,-0.4557907000651723,0.03590986698026635,0.7395337397492656,0.1705196340845565,0.27052554001765466,0.38346205525802296,0.15421973273955367,0.591814303470192,0.773372840839,0.4526091865407403,0.3092673694728247,8.566905983144551e-18,0.023950187457926497,0.10828957021394756,0.4497431605084483,0.3810353966263524,0.39814770910259695,0.005939608039149587
180,9822.0,0.012223820689740178,1.611614993805048,0.33298004476270304,0.3093885612657449,-0.2849403117713541,0.07515116170447181,-0.4557899171980705,0.03590992486006304,0.7395349902786106,0.17051929558180165,0.2705248932835539,0.38346122115263176,0.1542198905084423,0.5918136381354483,0.7733726196947307,0.4526087737447322,0.3092659856447629,3.6296494817001146e-14,0.02395060222115397,0.10828902661689696,0.4497427562018376,0.3810354793046373,0.3981472696139516,0.005939608039518123
181,9903.0,0.012223836645674979,1.6116147175729003,0.33298061073836915,0.3093885292244146,-0.2849443468506003,0.0751511352629479,-0.4557927509276752,0.03590986811626838,0.7395325816786866,0.17051762770731824,0.2705255937349357,0.3834625219746102,0.15421931727083998,0.5918142977091613,0.7733734161613979,0.4526103783582797,0.30926748459169906,1.0426954003855717e-15,0.023950049411514053,0.10829015790724156,0.4497430939643581,0.3810366125093321,0.39814720914004,0.005939608039283717
182,9931.0,0.012223850649695332,1.61161436703403,0.3329803381934987,0.30938846933456343,-0.28494162384165234,0.07515112671478202,-0.4557900805321538,0.03590982431840512,0.7395335338452874,0.17052074071871645,0.27052588651556936,0.3834622133770901,0.1542201072706729,0.5918146739307536,0.7733727108488812,0.4526089696641876,0.3092683294403874,9.613771483067854e-18,0.023949984705510064,0.1082896091636904,0.4497436047465129,0.381034851933368,0.3981481133596911,0.005939608039159146
183,9932.0,0.012223828602494172,1.6116148201722518,0.3329804091694987,0.3093885430635144,-0.2849423741777284,0.07515114350057983,-0.4557911029845007,0.03590989018546956,0.7395338106301955,0.1705189940283597,0.2705253615271039,0.3834619999170359,0.15421949446034586,0.5918141123819792,0.7733729271470212,0.4526093284974628,0.3092668509746011,9.357100375570707e-18,0.02395029144770873,0.10828956887355924,0.4497429065213245,0.38103571267094893,0.3981474907883131,0.005939608039246399
